DATASET_PID,DATASET_ID,TRACKING_IDs
hdl:21.14100/0165cd00-e8d8-31e8-b2f9-5bee32c80d52,CMIP6.ScenarioMIP.CNRM-CERFACS.CNRM-CM6-1.ssp585.r3i1p1f2.Lmon.rh.gr.v20190410,hdl:21.14100/40876463-d68d-4e4b-8106-c774c23181c1
hdl:21.14100/f0cf9e52-034d-36ee-997c-de259f274d08,CMIP6.ScenarioMIP.MOHC.HadGEM3-GC31-LL.ssp585.r3i1p1f3.SImon.siflcondbot.gn.v20200121,hdl:21.14100/ed606731-e854-4192-9c16-99af1c5253c4;hdl:21.14100/6a0ca334-d72f-4af8-800d-e97230fcdcdd
hdl:21.14100/f3f1b79a-faf9-3b22-82ce-d72c9e6a4157,CMIP6.ScenarioMIP.MOHC.HadGEM3-GC31-LL.ssp585.r3i1p1f3.SImon.sidmasssi.gn.v20200121,hdl:21.14100/e170eb32-d428-43d5-990b-60d85c764a68;hdl:21.14100/fd8d6097-170d-410e-851e-9e41cd2cfa50
hdl:21.14100/8556f232-b155-3909-86c4-1d6dc867a5d7,CMIP6.ScenarioMIP.MOHC.HadGEM3-GC31-LL.ssp585.r3i1p1f3.SImon.sidmassth.gn.v20200121,hdl:21.14100/4f1bfe86-44ae-4beb-8086-ddc00d733bc4;hdl:21.14100/dfb422c5-11f6-421f-af7e-ba5bc11b03b7
hdl:21.14100/c5873cb7-0599-3a60-993a-b14c44505320,CMIP6.ScenarioMIP.MOHC.HadGEM3-GC31-LL.ssp585.r3i1p1f3.SImon.sidmasstranx.gn.v20200121,hdl:21.14100/5e27dac6-aaa6-4b59-a2f1-383aa6d98c70;hdl:21.14100/f2afc5e2-09d7-4c6e-94db-97dc3cd03efb
hdl:21.14100/e70e9f0a-2d7e-32cd-a976-a5fe080c5623,CMIP6.ScenarioMIP.MOHC.HadGEM3-GC31-LL.ssp585.r3i1p1f3.SImon.sitimefrac.gn.v20200121,hdl:21.14100/8ada8fe0-8467-4ab3-a4bc-afa7606cedd7;hdl:21.14100/99d55f9d-a2a5-4eb5-b31b-c85456b9cb49
hdl:21.14100/347dafe1-e684-380a-b649-a9dafd71d946,CMIP6.ScenarioMIP.MOHC.HadGEM3-GC31-LL.ssp585.r3i1p1f3.SImon.sisnhc.gn.v20200121,hdl:21.14100/4c5f1023-1a99-4ea3-9f57-6e72b7ee4d48;hdl:21.14100/fada9738-630a-4d43-9d4e-35440e841ab6
hdl:21.14100/71de7c79-b539-3652-93e8-a7ec3e29ae06,CMIP6.ScenarioMIP.MOHC.HadGEM3-GC31-LL.ssp585.r3i1p1f3.SImon.sivol.gn.v20200121,hdl:21.14100/b5ada1b7-c554-4ab8-9eb6-81008d8b877b;hdl:21.14100/40ac1356-ba68-4934-b1a0-e362b63473b9
hdl:21.14100/599379a3-6a66-3d99-9bb0-9a87c6c12618,CMIP6.ScenarioMIP.MOHC.HadGEM3-GC31-LL.ssp585.r3i1p1f3.SImon.siage.gn.v20200121,hdl:21.14100/a8a4dc60-b9ce-4ec0-9744-af48776839a8;hdl:21.14100/67e72e40-66a3-4150-91de-48b21cbd5fea
hdl:21.14100/3c1a61af-8450-3cca-a3e5-eb18b1a7ad03,CMIP6.ScenarioMIP.MOHC.HadGEM3-GC31-LL.ssp585.r3i1p1f3.SImon.sidmassmeltbot.gn.v20200121,hdl:21.14100/e000e84c-9d10-4fe4-9f10-b9dfa89fc47a;hdl:21.14100/4cd89f92-f173-4c6e-87e2-235d2ef6a056
hdl:21.14100/f2517aae-d7f9-30ce-b7e6-8e21dd2c0d6b,CMIP6.ScenarioMIP.MOHC.HadGEM3-GC31-LL.ssp585.r3i1p1f3.SImon.sidmassdyn.gn.v20200121,hdl:21.14100/1d0f0bbe-0478-4069-8fef-d959e9f4dbab;hdl:21.14100/b38db35c-045c-4676-aab8-b937b9607c2f
hdl:21.14100/954c1c0c-fe20-3647-84fb-6fd029db1773,CMIP6.ScenarioMIP.MOHC.HadGEM3-GC31-LL.ssp585.r3i1p1f3.SImon.sidmasslat.gn.v20200121,hdl:21.14100/7d41aee4-fb2b-4411-9bcf-78d39da4022e;hdl:21.14100/4df5e3ed-9d60-4333-9e59-09e648da2cf4
hdl:21.14100/dd8e7be5-778c-3af1-9278-6febc3be5a01,CMIP6.ScenarioMIP.MOHC.HadGEM3-GC31-LL.ssp585.r3i1p1f3.SImon.sndmasssnf.gn.v20200121,hdl:21.14100/6dd07837-d3ef-41e1-8016-81034c79e54b;hdl:21.14100/8d4efd7a-ef4f-49b2-9209-eaafcfada7f1
hdl:21.14100/9fd8726e-6443-3a0d-88d4-d54080a0a60e,CMIP6.ScenarioMIP.MOHC.HadGEM3-GC31-LL.ssp585.r3i1p1f3.SImon.sisnmass.gn.v20200121,hdl:21.14100/b389337a-5550-4ce6-b2b6-23351f6a581c;hdl:21.14100/d2881226-5af0-45b9-a7ba-b977fb995782
hdl:21.14100/98c5619d-b6c1-3b07-befa-d65aa96af1d4,CMIP6.ScenarioMIP.MOHC.HadGEM3-GC31-LL.ssp585.r3i1p1f3.SImon.sirdgconc.gn.v20200121,hdl:21.14100/00506a52-72c5-441d-b272-5f68541a4fe6;hdl:21.14100/ca166e23-0b1d-4f69-9e9f-03adf3ee2850
hdl:21.14100/980bccdd-df65-39cc-a0d9-61209fd163c6,CMIP6.ScenarioMIP.MOHC.HadGEM3-GC31-LL.ssp585.r3i1p1f3.SImon.sihc.gn.v20200121,hdl:21.14100/41017868-e081-4b6f-abaa-6816607d9a91;hdl:21.14100/482108d0-ee41-49ba-9480-5a7c0f1c9f6b
hdl:21.14100/d5cd5298-f64b-36a9-9c49-7f459f30bc28,CMIP6.ScenarioMIP.MOHC.HadGEM3-GC31-LL.ssp585.r3i1p1f3.SImon.sisnconc.gn.v20200121,hdl:21.14100/ff935b2b-a994-48c7-aa1f-c704576f6708;hdl:21.14100/0bbe8413-f88f-41c1-a1e1-d34dda1a7ed0
hdl:21.14100/8f9d9ec2-36a9-39d7-b9c8-790d5261f39f,CMIP6.ScenarioMIP.MOHC.HadGEM3-GC31-LL.ssp585.r3i1p1f3.SImon.sidmassevapsubl.gn.v20200121,hdl:21.14100/b96aafda-06af-40fb-ab08-cab3335a1c77;hdl:21.14100/c739ada6-994f-4656-b14e-17223d75cc02
hdl:21.14100/17d84648-c9e1-3985-8a3b-488d2abea35a,CMIP6.ScenarioMIP.MOHC.HadGEM3-GC31-LL.ssp585.r3i1p1f3.SImon.sidmassgrowthbot.gn.v20200121,hdl:21.14100/5f546327-3111-4eaa-8577-3070e8540ba3;hdl:21.14100/9aa90b2d-fa46-4335-bf95-aecc4b8b2f79
hdl:21.14100/d5dfff6b-ac97-311c-9db1-c5e1f24c9c78,CMIP6.ScenarioMIP.MOHC.HadGEM3-GC31-LL.ssp585.r3i1p1f3.SImon.sndmasssi.gn.v20200121,hdl:21.14100/e04af077-d077-4e37-98b8-26d252d65212;hdl:21.14100/0d3b54e6-835f-4546-87bc-fa6f8f3d4bc0
hdl:21.14100/d8b235d5-0cc5-3577-8e1f-4310c645d03b,CMIP6.ScenarioMIP.MOHC.HadGEM3-GC31-LL.ssp585.r3i1p1f3.SImon.sidconcth.gn.v20200121,hdl:21.14100/821523e9-90b7-4789-b526-f9d6d873ee00;hdl:21.14100/87fe7e52-286b-4f82-b690-4fd4c1dc5506
hdl:21.14100/b5960a3a-d350-3869-8b4a-2069048a692b,CMIP6.ScenarioMIP.MOHC.HadGEM3-GC31-LL.ssp585.r3i1p1f3.SImon.sidmasstrany.gn.v20200121,hdl:21.14100/f74fdbe3-8dc0-42d9-9c1a-9e858e717373;hdl:21.14100/83bb9f02-2557-4e14-87a5-50052323c50f
hdl:21.14100/d88aa6bf-34f0-3336-a872-aa9705adc300,CMIP6.ScenarioMIP.MOHC.HadGEM3-GC31-LL.ssp585.r3i1p1f3.SImon.simpconc.gn.v20200121,hdl:21.14100/d93baee1-6d25-4580-81c4-74f1047a4a26;hdl:21.14100/2ea11ec4-faf0-4d16-967a-eb9658815cef
hdl:21.14100/f6b99120-5d6f-3ca1-a28d-c723c7d9be5a,CMIP6.ScenarioMIP.MOHC.HadGEM3-GC31-LL.ssp585.r3i1p1f3.SImon.sisnthick.gn.v20200121,hdl:21.14100/4fc1e678-8eab-4058-9aec-ee0f20dfe723;hdl:21.14100/7d9c9e5c-71f7-4c4f-8a68-e6bd72041f97
hdl:21.14100/4ebe3bf4-258a-3554-afda-4435f738fd08,CMIP6.ScenarioMIP.MOHC.HadGEM3-GC31-LL.ssp585.r3i1p1f3.SImon.sifb.gn.v20200121,hdl:21.14100/18ec0784-f5d4-4ee4-a917-ad22331e7764;hdl:21.14100/c3a7a02e-d756-4edb-bed0-cfb2d5b48b38
hdl:21.14100/f7d97464-54e5-38c5-86ce-80b39b64adb5,CMIP6.ScenarioMIP.MOHC.HadGEM3-GC31-LL.ssp585.r3i1p1f3.SImon.sidmassgrowthwat.gn.v20200121,hdl:21.14100/cc1e6151-b2f0-4016-9c80-9d6b814b9950;hdl:21.14100/554a7f1c-f916-42a7-9a9c-20513b6b8325
hdl:21.14100/2db01b4b-5534-31de-a91c-7e37f6eb57e8,CMIP6.ScenarioMIP.MOHC.HadGEM3-GC31-LL.ssp585.r3i1p1f3.SImon.sndmassdyn.gn.v20200121,hdl:21.14100/c0e95033-a81e-4689-8cb2-a0c187e04a58;hdl:21.14100/6d411da7-2e7c-48d4-8b0f-895097991596
hdl:21.14100/588ff952-4eb3-3dc6-aa90-7ec60d9a6451,CMIP6.ScenarioMIP.MOHC.HadGEM3-GC31-LL.ssp585.r3i1p1f3.SImon.sidmassmelttop.gn.v20200121,hdl:21.14100/856f43ea-0936-46dd-ab05-f06c08359fb3;hdl:21.14100/02d6e563-605e-447f-8639-6c663d36ed17
hdl:21.14100/78f77a59-efb4-37d0-b010-cfb82c13729f,CMIP6.ScenarioMIP.MOHC.HadGEM3-GC31-LL.ssp585.r3i1p1f3.SImon.sidconcdyn.gn.v20200121,hdl:21.14100/cf4d928d-1c33-4d51-b4d8-b1960f0a23db;hdl:21.14100/24d2ae8c-3438-452f-8ff4-6456e1ada49c
hdl:21.14100/dfa54882-1e40-35a3-b572-0e72199b4054,CMIP6.ScenarioMIP.MOHC.HadGEM3-GC31-LL.ssp585.r3i1p1f3.SImon.siflcondtop.gn.v20200121,hdl:21.14100/0e3a6a01-7a87-4ff7-946a-46bc34f45364;hdl:21.14100/ee5fb496-7b9d-4417-a3c2-e41980f10b6a
hdl:21.14100/51cdce84-3048-3e21-b4f2-785e72196757,CMIP6.ScenarioMIP.MOHC.HadGEM3-GC31-LL.ssp585.r3i1p1f3.SImon.sndmassmelt.gn.v20200121,hdl:21.14100/6ed5b4ed-c8b7-4696-b913-74f63df7aa2c;hdl:21.14100/52e899ab-070b-44c7-9472-25de97bf3b48
hdl:21.14100/c1be42ec-29d7-3dc5-bb62-f9ca624855b2,CMIP6.ScenarioMIP.MOHC.HadGEM3-GC31-LL.ssp585.r3i1p1f3.SImon.sitempbot.gn.v20200121,hdl:21.14100/0bb8c494-05af-4f94-83a4-137c163a3a69;hdl:21.14100/0eb4b83a-c5a5-4e03-8687-806da98db7ea
hdl:21.14100/b68ba4b7-8086-3a50-b632-fbc3e0b59778,CMIP6.ScenarioMIP.MOHC.HadGEM3-GC31-LL.ssp585.r3i1p1f3.SImon.simass.gn.v20200121,hdl:21.14100/b54ddf82-1910-4984-aac9-7f7941f33547;hdl:21.14100/97b23f53-73da-410d-99f9-553ef77798bb
hdl:21.14100/53d0881e-5363-3b41-b44a-7e1c5d211f98,CMIP6.ScenarioMIP.MOHC.HadGEM3-GC31-LL.ssp585.r3i1p1f3.SImon.siconc.gn.v20200121,hdl:21.14100/d2affe29-fe9f-44d5-bee8-55b5f9d599cc;hdl:21.14100/28d7a734-7203-4902-bd2a-e92cd779e4bc
hdl:21.14100/a496765f-3a0b-345c-accb-a7df084dee3a,CMIP6.ScenarioMIP.MOHC.HadGEM3-GC31-LL.ssp585.r3i1p1f3.SImon.sithick.gn.v20200121,hdl:21.14100/23605e9b-dc93-41a2-a34c-90d71a3a00bb;hdl:21.14100/615b669c-bdb2-4834-be66-c7c3ae21fe68
hdl:21.14100/ac44a9ec-574f-3e3f-8f5a-dddb2e154c16,CMIP6.ScenarioMIP.CCCma.CanESM5.ssp585.r3i1p2f1.Emon.loadso4.gn.v20190429,hdl:21.14100/8294a2a1-f26e-426f-ac4c-040aab936ab8
hdl:21.14100/a7fcbd98-3153-33c5-9492-8dabe67f14e4,CMIP6.ScenarioMIP.MPI-M.MPI-ESM1-2-LR.ssp585.r4i1p1f1.Emon.tntrl.gn.v20190710,hdl:21.14100/a917ed5e-eb1f-4efe-854c-a5352e5cbb81;hdl:21.14100/5daac5fa-e471-4077-adf8-fa1b5f8fc165;hdl:21.14100/b391adc1-46dc-4b31-9bfd-0b9c621cad42;hdl:21.14100/f1307875-99f6-4fbc-8e04-42ac906a687b;hdl:21.14100/8906eacd-7cea-413a-b5fb-6a347b07b66b
hdl:21.14100/e1f3628b-3ea9-39b2-bf2d-ccfb9ced6428,CMIP6.ScenarioMIP.MPI-M.MPI-ESM1-2-LR.ssp585.r4i1p1f1.Emon.tntrs.gn.v20190710,hdl:21.14100/b0a82712-642b-4b11-9503-5aeb1d751791;hdl:21.14100/fe3d8c16-0a21-485d-91f7-9db7b290c47e;hdl:21.14100/fce4f93a-aaf7-414c-8376-ad20799e3c78;hdl:21.14100/386f1033-6962-4f9f-bce2-6396eca379f1;hdl:21.14100/7b24e85b-898a-4241-8ed4-ffe1f68bca6c
hdl:21.14100/0b457f02-b6f4-3148-bc24-a3c155c03d7a,CMIP6.ScenarioMIP.MPI-M.MPI-ESM1-2-LR.ssp585.r4i1p1f1.Omon.umo.gn.v20190710,hdl:21.14100/e33979bb-7efc-495d-80db-d5ee8df22633;hdl:21.14100/ec93f7a6-1c23-41d4-9092-edddac768ebf;hdl:21.14100/fb0c15b0-3cc3-4b30-85c9-ac39721a0d35;hdl:21.14100/8a33636d-719e-45d2-a375-3610d9f734a6;hdl:21.14100/3da9d26d-6bdd-4d68-b5f8-82a75e8c1268
hdl:21.14100/c5a30514-3a7e-3028-b05a-265c1c7bb930,CMIP6.ScenarioMIP.MPI-M.MPI-ESM1-2-LR.ssp585.r4i1p1f1.Omon.uo.gn.v20190710,hdl:21.14100/a19426ba-184b-4c07-9005-330d9b4de6c9;hdl:21.14100/43471ecd-4915-4152-9b51-ac677a9d399f;hdl:21.14100/5dfe7b17-d28b-4c98-96b6-e51718e8a28a;hdl:21.14100/2d4de1c2-3f4c-409f-a8cc-8857b8d53011;hdl:21.14100/58519b1c-68b5-4aed-8ff6-97d11bcfcdb3
hdl:21.14100/d8345618-1b98-3f87-b754-0c88bf650951,CMIP6.ScenarioMIP.MPI-M.MPI-ESM1-2-LR.ssp585.r4i1p1f1.Omon.tauuo.gn.v20190710,hdl:21.14100/6bb2ac3a-f360-4605-ac20-923315c492f6;hdl:21.14100/82334b79-c3f4-41dc-af87-c4a7e68f055e;hdl:21.14100/1c1cd109-e63b-486a-acbd-446dda7e8679;hdl:21.14100/3807c10d-3e95-463d-b3d3-748d00361a40;hdl:21.14100/802eee8e-c740-419c-b396-ded31ec412a4
hdl:21.14100/2d77129a-f05b-3a2a-a9e0-b3d14745bda3,CMIP6.ScenarioMIP.MPI-M.MPI-ESM1-2-LR.ssp585.r4i1p1f1.Omon.hfx.gn.v20190710,hdl:21.14100/d6347578-a95c-4d1b-9e6e-82be7415f716;hdl:21.14100/238a44af-48ab-4cb4-935e-947ccbf29b6a;hdl:21.14100/596d8706-28e5-4945-9a18-874fbc4da9c1;hdl:21.14100/b6f50b3e-e898-4f04-a925-a3a6c60c3b2e;hdl:21.14100/6865861e-403c-4673-b354-a27a2c3e08ab
hdl:21.14100/800f7423-b366-39b2-a1a8-17f70ad59fe4,CMIP6.ScenarioMIP.MPI-M.MPI-ESM1-2-LR.ssp585.r4i1p1f1.Eday.es.gn.v20190710,hdl:21.14100/2bfff498-052c-41d8-8fea-7de79c4afe3e;hdl:21.14100/24607c61-a462-4e41-bd44-684865ee4c7f;hdl:21.14100/b686215a-b1b2-4229-98d9-ba82d896b779;hdl:21.14100/d3e214e4-78f1-473f-8557-6ad26cbd9a31;hdl:21.14100/539561bf-cf45-4f81-a3a8-fe6fe8e84671
hdl:21.14100/5dc3299c-cac1-3cf0-8fb0-5a3a27bec3e5,CMIP6.ScenarioMIP.MPI-M.MPI-ESM1-2-LR.ssp585.r4i1p1f1.6hrPlevPt.sfcWind.gn.v20190710,hdl:21.14100/8ffdd0bb-414f-4e33-b342-f95aa093baa6;hdl:21.14100/418a34bc-e1d1-4b9e-bccb-8e98eb68d2dc;hdl:21.14100/bb5dee60-5ca1-43d3-8b0c-0ad3dfb502ed;hdl:21.14100/7988233f-f4e3-4d6d-b2b5-386c77dea8cb;hdl:21.14100/8fc3653e-648c-4091-8eda-bdead646f793
hdl:21.14100/0de17b22-2f15-3d74-83fc-2a2df54e1674,CMIP6.ScenarioMIP.MPI-M.MPI-ESM1-2-LR.ssp585.r4i1p1f1.Eyr.fracLut.gn.v20190710,hdl:21.14100/1dfec576-fcde-4247-8c6b-6effd0b3a462;hdl:21.14100/59804469-97d2-4eaa-8cf0-96dd32f28f1e;hdl:21.14100/a1a83b9d-bde8-48b7-84b5-0c701264d89e;hdl:21.14100/71fe83d8-cdc2-419d-9267-5d64c141d3a1;hdl:21.14100/9fd447b7-65d1-461d-a925-adfdbd9dc23a
hdl:21.14100/837ec414-39c3-3fc3-b680-3c08b3825a8a,CMIP6.ScenarioMIP.MPI-M.MPI-ESM1-2-LR.ssp585.r4i1p1f1.Omon.o2sat.gn.v20190710,hdl:21.14100/38c9b6e7-b66d-4eaa-b8f2-d395a7579f66;hdl:21.14100/cd731e1e-f34d-42ea-9a29-6822bcb4cdcd;hdl:21.14100/748b05fc-0389-42a6-aead-b7645883c940;hdl:21.14100/a0beb108-04d0-4cf6-a0d6-6ac3f14f1fbe;hdl:21.14100/0a9b8156-c0a4-4d35-b903-5ae904ebef5e
hdl:21.14100/69c8310c-4d7f-3e1c-a8c0-e34085ee5e49,CMIP6.ScenarioMIP.MPI-M.MPI-ESM1-2-LR.ssp585.r4i1p1f1.Oyr.o2sat.gn.v20190710,hdl:21.14100/47c49670-7172-4af3-8f1d-7a461f10d168;hdl:21.14100/23430a8d-1d16-4d78-9d15-3afc3101bfe8;hdl:21.14100/a1c4475c-7f16-4ea2-bbdc-e94b037ab327;hdl:21.14100/a000607c-2003-43f3-af5a-a10cba3e9138;hdl:21.14100/f8de444a-161b-4a51-8647-a8afedcef7b5
hdl:21.14100/57f02ec3-6c0c-3375-a285-edfc5936d282,CMIP6.ScenarioMIP.MPI-M.MPI-ESM1-2-LR.ssp585.r4i1p1f1.Eday.sbl.gn.v20190710,hdl:21.14100/c1aede15-60b5-48b1-b76e-9c367bdfe34e;hdl:21.14100/c3332b3e-bb9f-4f94-b9d1-b15dfefa047f;hdl:21.14100/82b49366-156d-4d6b-8895-32fbd2570fd8;hdl:21.14100/5f6f3e17-116b-4a4d-8e35-03e5ceedd370;hdl:21.14100/9b098870-2ccf-48ed-bfab-e8df29fa6464
hdl:21.14100/222737e1-151b-317e-8387-8b3eafb8991a,CMIP6.ScenarioMIP.CSIRO.ACCESS-ESM1-5.ssp585.r4i1p1f1.Omon.fgco2.gn.v20200908,hdl:21.14100/33752463-7c71-4cac-b6ac-f396841acd93
hdl:21.14100/064ba220-5165-33af-a027-1e4a9cb31b12,CMIP6.ScenarioMIP.CSIRO.ACCESS-ESM1-5.ssp585.r4i1p1f1.Omon.msftmrho.gn.v20200908,hdl:21.14100/18d45629-36ae-4318-9723-495be67aa40f
hdl:21.14100/809ed25c-823b-378a-8a65-76e00c70c291,CMIP6.ScenarioMIP.CCCma.CanESM5.ssp585.r4i1p1f1.Emon.loadso4.gn.v20190429,hdl:21.14100/01c243a7-adaa-44b9-80a0-a70b269cc068
hdl:21.14100/100af27f-6d53-3fbc-bdb4-6d46d2265816,CMIP6.ScenarioMIP.CAS.FGOALS-g3.ssp585.r4i1p1f1.Lmon.mrsos.gn.v20200422,hdl:21.14100/cd514d75-da00-4183-bfeb-64cadcaf7b8c
hdl:21.14100/e506b300-c8ad-3f4d-bd7a-356063abdb30,CMIP6.ScenarioMIP.CAS.FGOALS-g3.ssp585.r4i1p1f1.Lmon.prveg.gn.v20200422,hdl:21.14100/3a4d4114-e077-46d3-8dab-4f3087bbd7dd
hdl:21.14100/5da52351-3cfd-3a7f-bd3f-ec2670d213d5,CMIP6.ScenarioMIP.CAS.FGOALS-g3.ssp585.r4i1p1f1.Lmon.mrso.gn.v20200422,hdl:21.14100/9c1440fd-775d-477d-bb54-909de262e568
hdl:21.14100/cedab7ab-898d-3d4e-ac1d-846a66007311,CMIP6.ScenarioMIP.NCAR.CESM2-WACCM.ssp585.r4i1p1f1.AERmonZ.meanage.gn.v20200206,hdl:21.14100/86c0ce12-ce1e-42b6-8fb1-d6fab7a8c757
hdl:21.14100/d8fa69e5-1d9b-3903-9197-103e1d1720b5,CMIP6.ScenarioMIP.CNRM-CERFACS.CNRM-CM6-1.ssp585.r4i1p1f2.Lmon.rh.gr.v20190410,hdl:21.14100/6a8c6c8b-5f21-46d5-b6b3-a61e084306db
hdl:21.14100/66fccf85-c76f-373e-985d-3b511f41376a,CMIP6.ScenarioMIP.CCCma.CanESM5.ssp585.r4i1p2f1.Emon.loadso4.gn.v20190429,hdl:21.14100/37743328-c466-4c71-ad6a-b09c0661cb6f
hdl:21.14100/8b993117-4dd9-338f-9fc0-6e4cd0e15ced,CMIP6.ScenarioMIP.MPI-M.MPI-ESM1-2-LR.ssp585.r5i1p1f1.Emon.tntrs.gn.v20190710,hdl:21.14100/b3f4ccfe-08a7-4313-848e-51e19fb66ac2;hdl:21.14100/6eb4d651-821f-4171-a310-0a726dbba394;hdl:21.14100/c7d840f4-ea0d-470e-a025-a2c994fd67d8;hdl:21.14100/14dcc76b-8b86-4832-a0c5-641b022e7164;hdl:21.14100/75639b8d-2d02-4e0d-9970-00c3eac565ce
hdl:21.14100/6ee61ba2-d6a5-3fe7-8539-71c0f1b4a6d0,CMIP6.ScenarioMIP.MPI-M.MPI-ESM1-2-LR.ssp585.r5i1p1f1.Emon.tntrl.gn.v20190710,hdl:21.14100/a442d047-817c-4fc7-a563-333f0faf7828;hdl:21.14100/6b35d68c-bdcf-465f-b9f7-9ccf843dac1b;hdl:21.14100/4bfc5a91-5acc-4fda-8b4f-af5360331988;hdl:21.14100/5f1efa5a-5f47-48b6-92fd-6066a91098fb;hdl:21.14100/6330ec78-16fa-4347-878b-f410814676f7
hdl:21.14100/30683855-28f6-3db1-b56e-bad21ac9cf8c,CMIP6.ScenarioMIP.MPI-M.MPI-ESM1-2-LR.ssp585.r5i1p1f1.Omon.tauuo.gn.v20190710,hdl:21.14100/dd2b7372-95f3-46ae-9352-480edfc8296f;hdl:21.14100/83d5a952-b1b0-4168-a553-f1576723ad99;hdl:21.14100/3009fad4-a92a-4367-a112-3799f215d822;hdl:21.14100/e0cc92da-60b1-4c42-afbf-a4f00ed20928;hdl:21.14100/292c788d-6568-456c-b061-253cde6270e3
hdl:21.14100/2deb7e2e-4d46-31f3-8246-bf27da52b8db,CMIP6.ScenarioMIP.MPI-M.MPI-ESM1-2-LR.ssp585.r5i1p1f1.Omon.hfx.gn.v20190710,hdl:21.14100/9caa3c4d-69b3-439c-8f50-89495fcf7502;hdl:21.14100/a9fb35e1-f59e-4e17-9402-5ead926ced83;hdl:21.14100/619ede99-7e0c-467d-8794-c6aaa224d303;hdl:21.14100/2aa8e350-6b3a-4bf0-ba6f-e400115565ba;hdl:21.14100/51828f14-4bc7-4eba-98e6-bbbb8217eff6
hdl:21.14100/e9187ab9-e6cd-3357-a07a-3cc015d7c176,CMIP6.ScenarioMIP.MPI-M.MPI-ESM1-2-LR.ssp585.r5i1p1f1.Omon.umo.gn.v20190710,hdl:21.14100/f7a6acbe-4bbe-45ee-a4dd-8e059bb4b6d6;hdl:21.14100/d4a575b0-5f75-4763-8173-62e249c96366;hdl:21.14100/9fecf5cf-1237-48d2-a755-24d77f11b56e;hdl:21.14100/bfa0fde8-c3d8-464c-b004-3833302bdea4;hdl:21.14100/79ce6a61-38b3-4021-a0e1-4aa341bd1ec0
hdl:21.14100/38a84fdb-6be6-3abe-9732-106a28adc782,CMIP6.ScenarioMIP.MPI-M.MPI-ESM1-2-LR.ssp585.r5i1p1f1.Omon.uo.gn.v20190710,hdl:21.14100/f91d574a-ead0-4c9b-a290-ddc49c0945c8;hdl:21.14100/b572fe18-0cdd-47d1-9eb7-0d9e6d668862;hdl:21.14100/c033f2b6-c821-4871-a992-b5f9f9fe49ac;hdl:21.14100/f83da17b-6db7-4ef5-837d-206472aac36a;hdl:21.14100/760798f7-7195-4494-8fb0-5be4d6af09f5
hdl:21.14100/8b0ae884-dd3d-31c0-afd7-d987994fc891,CMIP6.ScenarioMIP.MPI-M.MPI-ESM1-2-LR.ssp585.r5i1p1f1.Eday.es.gn.v20190710,hdl:21.14100/197f7dfb-f134-44da-bc55-74aea4bd857b;hdl:21.14100/23a295f6-9e7a-49cc-b339-8c2aa8c3908f;hdl:21.14100/30e87d74-784d-4217-846a-75d6ebc312ac;hdl:21.14100/6f1c0395-0c41-4556-bece-23f9e771d2c9;hdl:21.14100/54f241aa-ad37-4d02-ac70-606a861319c2
hdl:21.14100/69b6a929-8137-380e-9b4f-abd6c3f19893,CMIP6.ScenarioMIP.MPI-M.MPI-ESM1-2-LR.ssp585.r5i1p1f1.6hrPlevPt.sfcWind.gn.v20190710,hdl:21.14100/f71a1fa8-4df3-4496-9dc1-88f5e1751b4d;hdl:21.14100/839dafbd-33be-4535-bb53-e78245339082;hdl:21.14100/cdbe7a00-6b70-4e70-9f05-1f7b88d1a849;hdl:21.14100/c977c90c-b07c-4a29-87c5-32d834cd3450;hdl:21.14100/0d82988e-1a7f-41fd-9ba8-b9ea4d1e5331
hdl:21.14100/81c20730-46bc-3c6f-beb8-c36479aef098,CMIP6.ScenarioMIP.MPI-M.MPI-ESM1-2-LR.ssp585.r5i1p1f1.Eyr.fracLut.gn.v20190710,hdl:21.14100/7045c856-9b4f-48a3-a234-fc7a5646d24b;hdl:21.14100/376f7571-a3e2-402f-8908-5434acf6f6be;hdl:21.14100/5be8a943-a0b5-4b12-9cbe-66b41a1dbb49;hdl:21.14100/658bce0b-62e3-432b-b9eb-cd51a5779030;hdl:21.14100/ff2f61e9-2c45-4a9e-ac0f-379a3d71e860
hdl:21.14100/f3fc3e8b-ca21-3c3b-9304-f6f2becf9801,CMIP6.ScenarioMIP.MPI-M.MPI-ESM1-2-LR.ssp585.r5i1p1f1.Omon.o2sat.gn.v20190710,hdl:21.14100/defb04df-485d-4d1c-9c8d-68068fed63a6;hdl:21.14100/197d9549-7332-4448-8ac6-5f516df9c465;hdl:21.14100/ab82fc55-e5f7-4d22-b425-b5301de3f313;hdl:21.14100/541c9fb1-54e7-48c0-b3b0-8c5bf0331869;hdl:21.14100/a16dea20-261a-4c6e-a07c-6e5cdfee3498
hdl:21.14100/3c0bdd3a-f131-30d6-a428-0018bebdb1f5,CMIP6.ScenarioMIP.MPI-M.MPI-ESM1-2-LR.ssp585.r5i1p1f1.Oyr.o2sat.gn.v20190710,hdl:21.14100/18cd124d-3103-4249-8f77-7a1aa96803ee;hdl:21.14100/4b72515b-39f8-4fe2-a5b1-eb678a732035;hdl:21.14100/5f543529-3527-40a7-ad88-d1e576c7b3cb;hdl:21.14100/b1b30893-5c7a-40cb-a5ee-781070a9d564;hdl:21.14100/44004313-3562-4ab6-a6ba-730096399468
hdl:21.14100/2b8dc28e-7436-3311-87e4-bbf996c0f97a,CMIP6.ScenarioMIP.MPI-M.MPI-ESM1-2-LR.ssp585.r5i1p1f1.Eday.sbl.gn.v20190710,hdl:21.14100/f629ea29-6f55-4119-bb04-28a02277c87d;hdl:21.14100/39d7cd52-17ab-46d6-808c-0b056ebf9918;hdl:21.14100/29bb11b1-dab3-4d0a-9040-07b18ed82877;hdl:21.14100/360b2663-f2b3-45f4-964a-e4017ddbf590;hdl:21.14100/a7503d88-026b-43df-982b-66be35dea337
hdl:21.14100/ac959cf0-f650-3542-88db-e6901bf47283,CMIP6.ScenarioMIP.CSIRO.ACCESS-ESM1-5.ssp585.r5i1p1f1.Omon.fgco2.gn.v20200908,hdl:21.14100/e0e52acd-b2d6-425d-a364-cdf476afae60
hdl:21.14100/18941bee-3b8d-3430-9d9d-e485b9683ae8,CMIP6.ScenarioMIP.CSIRO.ACCESS-ESM1-5.ssp585.r5i1p1f1.Omon.msftmrho.gn.v20200908,hdl:21.14100/8b5b0a51-d365-4f86-bc0b-aa0413a0f59a
hdl:21.14100/f11f2e29-e3ca-34e7-9450-d1d2f04d8940,CMIP6.ScenarioMIP.CCCma.CanESM5.ssp585.r5i1p1f1.Emon.loadso4.gn.v20190429,hdl:21.14100/ad01b959-f7b6-4813-9d61-81fb212f15fd
hdl:21.14100/ed2185d3-0dc1-3955-b049-116e8cb142fd,CMIP6.ScenarioMIP.NCAR.CESM2-WACCM.ssp585.r5i1p1f1.AERmonZ.meanage.gn.v20200206,hdl:21.14100/d7456640-397f-4107-9f0d-8eebb47225a9
hdl:21.14100/a470a24d-a9e2-374f-bcc1-4e24b4b21904,CMIP6.ScenarioMIP.CNRM-CERFACS.CNRM-CM6-1.ssp585.r5i1p1f2.Lmon.rh.gr.v20190410,hdl:21.14100/00e984b8-4e11-42ba-9632-b23a06b8e529
hdl:21.14100/9332de07-3b8f-3edb-8918-7aed4f7f197a,CMIP6.ScenarioMIP.CCCma.CanESM5.ssp585.r5i1p2f1.Emon.loadso4.gn.v20190429,hdl:21.14100/28d58e83-0b48-433a-9b79-b479b13ebec6
hdl:21.14100/dbace8de-bc90-3df0-a0d2-37fc88f402d7,CMIP6.ScenarioMIP.MPI-M.MPI-ESM1-2-LR.ssp585.r6i1p1f1.Emon.tntrs.gn.v20190710,hdl:21.14100/52b0828c-5b25-4a1b-941d-89ba427d0ebc;hdl:21.14100/a8f9cbfb-4d65-4cb7-85b9-16299e537fc8;hdl:21.14100/83bc405f-010e-4a34-bc5b-c5de71afea42;hdl:21.14100/71e53beb-32b1-471e-901c-e1db08763784;hdl:21.14100/665f79d5-f3b2-43e6-8cd3-3d2b1256f785
hdl:21.14100/3bc8256b-26a6-3195-aab6-6e5d9e72c639,CMIP6.ScenarioMIP.MPI-M.MPI-ESM1-2-LR.ssp585.r6i1p1f1.Emon.tntrl.gn.v20190710,hdl:21.14100/16c99092-4fbe-4a4e-84ae-bfad886785c3;hdl:21.14100/0dbcca60-fe47-4c8c-b2d3-598ab07c60f1;hdl:21.14100/e5062991-063f-4a41-bfb6-2d89c0523130;hdl:21.14100/fa7840e2-ee01-4d2c-b5e8-c9cfb93b16a2;hdl:21.14100/03ff4d83-2ce9-4d3f-bfa0-a4aa5d100e25
hdl:21.14100/a6b34c3b-8a1d-344d-a73f-be547849ee17,CMIP6.ScenarioMIP.MPI-M.MPI-ESM1-2-LR.ssp585.r6i1p1f1.Omon.umo.gn.v20190710,hdl:21.14100/a10aae0c-03f3-42d8-ac74-4c2f43b174bb;hdl:21.14100/4c28ab21-9527-4029-b03a-7147a90dab97;hdl:21.14100/885a9a1e-3ec4-4d71-b615-39d61299fe5b;hdl:21.14100/f4c54997-27ab-4672-8cac-51cc91028105;hdl:21.14100/45ebffa0-d40b-403b-8972-7691494d14d2
hdl:21.14100/42cb492c-73d0-3ad6-9711-fb1a62face16,CMIP6.ScenarioMIP.MPI-M.MPI-ESM1-2-LR.ssp585.r6i1p1f1.Omon.uo.gn.v20190710,hdl:21.14100/ea46e3d8-a0b5-4732-80a8-8d37605c6171;hdl:21.14100/c1dbe8a5-ba29-4f2a-8fa1-db9af111035f;hdl:21.14100/0c4f2d8b-b622-41cd-9250-5515fa36d45e;hdl:21.14100/b2687cf9-a8e4-4eb3-89c5-de3466e1bd89;hdl:21.14100/412d3a70-2f8c-4dc8-8ae8-1f9d54f5e70f
hdl:21.14100/187ac8e0-7deb-3054-99e2-7cde927b3f4d,CMIP6.ScenarioMIP.MPI-M.MPI-ESM1-2-LR.ssp585.r6i1p1f1.Omon.tauuo.gn.v20190710,hdl:21.14100/d71c2d3a-5128-46b3-86d9-a99ab81b5563;hdl:21.14100/547cfa05-92fe-4c2f-8cd7-9d502cdd275b;hdl:21.14100/f8586832-ba2a-4830-9ba9-d34d29b92c49;hdl:21.14100/322a1186-2c86-4fb4-a66f-37d8c63b1ce0;hdl:21.14100/e79a8a6b-85df-4516-bf9e-d56cf31a6105
hdl:21.14100/21ddaab7-8e2b-3ddc-be69-28669d773c56,CMIP6.ScenarioMIP.MPI-M.MPI-ESM1-2-LR.ssp585.r6i1p1f1.Omon.hfx.gn.v20190710,hdl:21.14100/5bdcf39d-871e-4dd8-a893-2e072471f192;hdl:21.14100/8387adb5-fab5-4bbc-8145-1b03bb7748e4;hdl:21.14100/6ffacd95-a2d1-438b-89ce-6e28c81f5442;hdl:21.14100/de7e66ba-36db-4c00-a625-e069ea4b0294;hdl:21.14100/4fbe2f1a-c70a-482a-a4b9-4007e9e98473
hdl:21.14100/b7d39a47-ccd6-39cc-98f3-33394219fb0b,CMIP6.ScenarioMIP.MPI-M.MPI-ESM1-2-LR.ssp585.r6i1p1f1.Eday.es.gn.v20190710,hdl:21.14100/afed1ec7-23fc-4d4f-ac68-7787cb32d512;hdl:21.14100/b41531a0-9b65-45c4-bd0b-1194b3008374;hdl:21.14100/56722b62-64dc-4c81-ad2f-a5ea185bac57;hdl:21.14100/00710436-eb0d-4cbd-b84e-2a30419c144c;hdl:21.14100/6d21a760-a477-4d3a-b48e-f703a3b801ac
hdl:21.14100/18013b9c-3811-34bd-b59e-1509612f2649,CMIP6.ScenarioMIP.MPI-M.MPI-ESM1-2-LR.ssp585.r6i1p1f1.Eyr.fracLut.gn.v20190710,hdl:21.14100/c782434d-826f-407b-9a57-7120546b29b7;hdl:21.14100/d2e56c4f-e644-4711-b227-e867352ef76b;hdl:21.14100/360c4ee1-af8f-4705-8be2-91fb3354a5e0;hdl:21.14100/2a5e3535-62ea-4f3f-affc-a482870e1634;hdl:21.14100/fb851db0-25fd-4070-917b-8ea07faa3ac9
hdl:21.14100/eeac65a0-83b7-37a8-b736-919c64693e82,CMIP6.ScenarioMIP.MPI-M.MPI-ESM1-2-LR.ssp585.r6i1p1f1.6hrPlevPt.sfcWind.gn.v20190710,hdl:21.14100/d290eb48-6d20-4648-af4f-3ca143a62b64;hdl:21.14100/f85368e1-7c74-4267-9a50-c9d63f3fb105;hdl:21.14100/3226ec1b-0cf5-4be1-9c66-f37d3d6a7460;hdl:21.14100/ac796729-a3b3-44e8-9706-868c6dc905f6;hdl:21.14100/27318f5e-073a-4945-ab49-a2077741225e
hdl:21.14100/cf17429d-a878-3a3e-b909-0e5fcc50eab5,CMIP6.ScenarioMIP.CCCma.CanESM5.ssp585.r6i1p1f1.Emon.loadso4.gn.v20190429,hdl:21.14100/b6e0a80d-f69b-4fcf-a94e-95fc672d4951
hdl:21.14100/f5dd32f0-bcdf-3958-a0ac-98c1b1b57134,CMIP6.ScenarioMIP.MPI-M.MPI-ESM1-2-LR.ssp585.r6i1p1f1.Omon.o2sat.gn.v20190710,hdl:21.14100/530aa658-dea7-4034-92f6-39acd01f73df;hdl:21.14100/3d6349c9-44c2-421c-b6b2-b4469cc15e6a;hdl:21.14100/dff25cd7-5d22-41e7-89f3-3454764be0ff;hdl:21.14100/699a2600-7c58-4caf-b28a-61c0722653a5;hdl:21.14100/0700020d-58d1-4f6d-9dc7-9a2d2849f6f6
hdl:21.14100/12780546-021c-3260-b14b-c782cf3687da,CMIP6.ScenarioMIP.MPI-M.MPI-ESM1-2-LR.ssp585.r6i1p1f1.Oyr.o2sat.gn.v20190710,hdl:21.14100/2342044e-c896-4ab9-b7f2-31417c60a93f;hdl:21.14100/ceb2e780-a11e-4ddb-819d-99087ae3131c;hdl:21.14100/f5868046-fafa-4e19-9aa2-61237d5fed78;hdl:21.14100/18d7b944-c3e0-4e84-984b-f102fdde7a9c;hdl:21.14100/be23c6f2-8dc2-4cb7-8e77-81cfbdc017c0
hdl:21.14100/c3b55975-fdc2-36c9-a280-b795771a76c1,CMIP6.ScenarioMIP.MPI-M.MPI-ESM1-2-LR.ssp585.r6i1p1f1.Eday.sbl.gn.v20190710,hdl:21.14100/6357a43f-c179-4530-b53b-e9911dfa5ece;hdl:21.14100/c791495d-c439-4d5d-a655-968977f957b1;hdl:21.14100/aaacc2bc-03da-40e4-bfd6-ab5c3126bb41;hdl:21.14100/5f93cdec-0a89-4d4d-b136-6c993cba4ea2;hdl:21.14100/2cdd8580-78b2-4cb5-b9ee-738d2f9e5881
hdl:21.14100/7f7f9eca-06e9-3995-a1a0-448a88cb7b94,CMIP6.ScenarioMIP.CSIRO.ACCESS-ESM1-5.ssp585.r6i1p1f1.Omon.fgco2.gn.v20200908,hdl:21.14100/e673e420-1d91-453c-b3f3-f855d4cb5a2e
hdl:21.14100/c5146cc2-d328-347b-b6ab-494204b28abd,CMIP6.ScenarioMIP.CSIRO.ACCESS-ESM1-5.ssp585.r6i1p1f1.Omon.msftmrho.gn.v20200908,hdl:21.14100/51e89126-397b-40f3-9e86-69e2adac39f6
hdl:21.14100/b16d08c3-4442-3b1a-9885-f145eba213ee,CMIP6.ScenarioMIP.CNRM-CERFACS.CNRM-CM6-1.ssp585.r6i1p1f2.Lmon.rh.gr.v20190410,hdl:21.14100/b19e8b40-1fe7-42f7-8dd3-ffc4fcb81c00
hdl:21.14100/9a98d3d9-7a75-3155-b203-ed0ab1fcf14d,CMIP6.ScenarioMIP.CCCma.CanESM5.ssp585.r6i1p2f1.Emon.loadso4.gn.v20190429,hdl:21.14100/751e4fd0-684e-4d1b-9a3a-a62e731829a9
hdl:21.14100/4ec90278-4a5e-3176-b22c-7d59846d83cc,CMIP6.ScenarioMIP.MPI-M.MPI-ESM1-2-LR.ssp585.r7i1p1f1.Emon.tntrs.gn.v20190710,hdl:21.14100/8bc40f89-1af3-4164-b427-e932a7a7f164;hdl:21.14100/73fa21d8-7185-4e75-9c92-8e82306e57b9;hdl:21.14100/7f08f84b-e07f-4de8-b8a0-f2fdad02a2e6;hdl:21.14100/ed5f8a37-2a5b-42b3-986c-12562a6d59ad;hdl:21.14100/85efbc4e-e70c-4c31-8e70-130f8e7056b7
hdl:21.14100/35cc441d-6bd3-38c2-941b-faab8b88079c,CMIP6.ScenarioMIP.MPI-M.MPI-ESM1-2-LR.ssp585.r7i1p1f1.Emon.tntrl.gn.v20190710,hdl:21.14100/004d324f-995c-42e6-a08f-83ac1b86cd9b;hdl:21.14100/d8c5a3f7-8a41-43e8-8cc6-36a0c495ab42;hdl:21.14100/932cbef3-5df5-4f13-8474-2e10e70882af;hdl:21.14100/7f5173b4-bfa5-4ee6-8050-94aaebe97f2c;hdl:21.14100/73ce015d-8519-41d7-8602-d34f595d0f9c
hdl:21.14100/5cbc9976-7166-3db9-bea7-38a4a067ad80,CMIP6.ScenarioMIP.MPI-M.MPI-ESM1-2-LR.ssp585.r7i1p1f1.Omon.umo.gn.v20190710,hdl:21.14100/49eff87e-5f16-470f-826c-a22d449f00c1;hdl:21.14100/fbf82273-5f28-4619-89a8-4b675dce020b;hdl:21.14100/4246a638-bbf5-470c-928a-3cff2770d4e8;hdl:21.14100/5f6cf1ab-cd88-4bd1-b16f-f0a965646054;hdl:21.14100/328d8847-883c-41c7-96e9-62621186a32f
hdl:21.14100/e76e7819-8a74-3683-85a0-2ea76cfa1b49,CMIP6.ScenarioMIP.MPI-M.MPI-ESM1-2-LR.ssp585.r7i1p1f1.Omon.tauuo.gn.v20190710,hdl:21.14100/da9003a1-2c81-4415-9a94-ccd00fbd420a;hdl:21.14100/ffa6e521-0c1b-4456-a0de-c863193dc2ac;hdl:21.14100/f278dddb-5b13-440d-806b-a4675b1a31d2;hdl:21.14100/1fbe49db-cdcb-4940-a10b-83fe425343fc;hdl:21.14100/6349c43b-4a1e-4d80-b987-a965b89455f2
hdl:21.14100/2f9a9700-2760-3c82-8649-14f2b7ebbed7,CMIP6.ScenarioMIP.MPI-M.MPI-ESM1-2-LR.ssp585.r7i1p1f1.Omon.hfx.gn.v20190710,hdl:21.14100/57502339-57a9-49d9-b290-3a22c8ab9ee8;hdl:21.14100/6c7fdbcf-5b00-415a-bb8a-2b473aa89edb;hdl:21.14100/5daa685c-1abe-4100-a4a9-d96ee96593c8;hdl:21.14100/2a87f0ca-d2eb-4f68-bff7-00635f5d4732;hdl:21.14100/5b688c70-b307-4573-ba28-7b9a2929b1ef
hdl:21.14100/438ce825-4e7e-3c54-ad93-a62e6c57dbe9,CMIP6.ScenarioMIP.MPI-M.MPI-ESM1-2-LR.ssp585.r7i1p1f1.Omon.uo.gn.v20190710,hdl:21.14100/63e6ff31-8eb2-4b6e-920e-a3f4a08d05bd;hdl:21.14100/80c4249b-8883-4e1b-9525-ad9071a5a419;hdl:21.14100/bc0989d7-f355-4000-8e9b-8c0affc49ef7;hdl:21.14100/82eca32c-bad4-49c9-8db2-a8b18703927d;hdl:21.14100/69298720-b801-4679-93f8-08f0a990fbdc
hdl:21.14100/a34d98b1-e2b9-3e66-ac9f-d86fa0e533b7,CMIP6.ScenarioMIP.MPI-M.MPI-ESM1-2-LR.ssp585.r7i1p1f1.Eday.es.gn.v20190710,hdl:21.14100/bf83e47e-60c3-4772-8a7e-2020c05ab009;hdl:21.14100/5a292652-0fac-4520-bc0e-322ccf9ccae3;hdl:21.14100/53190ee4-f51d-431a-bb72-a7359eb7534d;hdl:21.14100/a2f79d08-92cb-46a5-8261-a9268e0bd666;hdl:21.14100/b4877554-d956-44f1-97a2-325241d86cac
hdl:21.14100/2bc2b1a9-1f49-3d4a-b3b7-d27b812207bf,CMIP6.ScenarioMIP.MPI-M.MPI-ESM1-2-LR.ssp585.r7i1p1f1.Eyr.fracLut.gn.v20190710,hdl:21.14100/8cc611d7-e30d-4745-9b3f-7cc058d0466f;hdl:21.14100/3d9c4dbc-ff69-4abd-9ea4-53fbb1618914;hdl:21.14100/dbc06131-a13b-4022-b72b-2d59639d0f6f;hdl:21.14100/f79156e0-2cd9-4fdb-9f47-f79137f805e7;hdl:21.14100/1e069045-1fe5-43d4-8cb2-72425387cc9f
hdl:21.14100/2cdee04a-a414-35d7-ae6a-08e13e84a6c7,CMIP6.ScenarioMIP.MPI-M.MPI-ESM1-2-LR.ssp585.r7i1p1f1.6hrPlevPt.sfcWind.gn.v20190710,hdl:21.14100/ae68b3d8-1770-4af0-911f-ed80e75877e8;hdl:21.14100/65f45679-e916-4d06-a2bc-c35c229bb598;hdl:21.14100/dce78d2d-2f87-4cf2-bee1-399ed8588e99;hdl:21.14100/952311fa-500c-4d5c-9a48-dc4f897e058d;hdl:21.14100/ce355f69-2272-4628-8946-606f75aefb69
hdl:21.14100/56c0fa8b-ffb2-38e7-8a6f-92424f4b706b,CMIP6.ScenarioMIP.MPI-M.MPI-ESM1-2-LR.ssp585.r7i1p1f1.Omon.o2sat.gn.v20190710,hdl:21.14100/55846a15-2ca8-44e1-83b5-1acd7d2c4c53;hdl:21.14100/4f39c0c4-e34b-467e-a61d-80cd59e1194e;hdl:21.14100/ed37c2fe-bfe1-49b9-baf3-0e35790b20b0;hdl:21.14100/e2d63858-dd47-412d-b4a6-faf4247dad08;hdl:21.14100/33f09d50-defa-429b-8c18-c86f2e7b56c2
hdl:21.14100/b3bec649-270e-36f1-9c20-8b176ed83f4f,CMIP6.ScenarioMIP.MPI-M.MPI-ESM1-2-LR.ssp585.r7i1p1f1.Oyr.o2sat.gn.v20190710,hdl:21.14100/dd7beef8-cf35-4825-b5e1-236ae3dcd35a;hdl:21.14100/76a339ec-e9c0-466f-868f-c465ea6ce49e;hdl:21.14100/eb4a2440-3239-4ed7-92a7-820f3758e3fb;hdl:21.14100/15cb3480-8625-426f-a4c9-af7101aa3402;hdl:21.14100/a4912a3b-bde1-4c2f-9f00-a6b6f7109f5d
hdl:21.14100/a2d81c55-999e-399d-9aa5-3208cc27222b,CMIP6.ScenarioMIP.MPI-M.MPI-ESM1-2-LR.ssp585.r7i1p1f1.Eday.sbl.gn.v20190710,hdl:21.14100/2b64667b-71b7-4ad1-8813-3fff85cc0d93;hdl:21.14100/b68ee54f-6154-4297-bafc-a92c5fafa02b;hdl:21.14100/e9039d24-40e6-4092-8173-5eb7c15e0193;hdl:21.14100/0020ac7c-e532-4aa9-8c26-cad318efa85a;hdl:21.14100/57ba3de2-0b1d-49b7-91fc-3652601e9dfb
hdl:21.14100/33e82af7-e2e0-3970-b6de-7bd77d8a06cd,CMIP6.ScenarioMIP.CSIRO.ACCESS-ESM1-5.ssp585.r7i1p1f1.Omon.fgco2.gn.v20200908,hdl:21.14100/dc68664c-bcd3-4a2b-9f74-dd36a16835b2
hdl:21.14100/d63527ac-89f6-3336-b79b-c4842193a012,CMIP6.ScenarioMIP.CSIRO.ACCESS-ESM1-5.ssp585.r7i1p1f1.Omon.msftmrho.gn.v20200908,hdl:21.14100/194acfc4-8546-4a6b-947f-1e3ab89dc20a
hdl:21.14100/8fcae4b7-6ee1-3192-9e20-14cfd5b94296,CMIP6.ScenarioMIP.CCCma.CanESM5.ssp585.r7i1p1f1.Emon.loadso4.gn.v20190429,hdl:21.14100/dfd36907-3aaf-45ca-985c-3d19bdf17f36
hdl:21.14100/b1754d62-cdfb-35e1-864d-994c42662218,CMIP6.ScenarioMIP.CCCma.CanESM5.ssp585.r7i1p2f1.Emon.loadso4.gn.v20190429,hdl:21.14100/e303bf6a-ce58-4afe-8fbb-48008e598714
hdl:21.14100/96b76d2e-3035-3d11-babd-cbe15597e9b1,CMIP6.ScenarioMIP.MPI-M.MPI-ESM1-2-LR.ssp585.r8i1p1f1.Emon.tntrs.gn.v20190710,hdl:21.14100/d37af53a-0e4a-45c2-a728-04ce24a8f77f;hdl:21.14100/4c6ee490-463f-4a3b-b1fb-b67abade407e;hdl:21.14100/d6af1f40-aaae-4292-a00f-536e925327cf;hdl:21.14100/61a951eb-1902-4026-9776-7da1d6ae27ca;hdl:21.14100/fa6927a4-cddd-4333-9709-67a3dcb0c14e
hdl:21.14100/4d4f19da-636f-33bc-a6e0-f4aefc711417,CMIP6.ScenarioMIP.MPI-M.MPI-ESM1-2-LR.ssp585.r8i1p1f1.Emon.tntrl.gn.v20190710,hdl:21.14100/6b95ec79-ec45-4ee7-aaa3-831696bda4fe;hdl:21.14100/930cf6b6-9504-4422-a482-df20a32745ca;hdl:21.14100/04fac82b-09e2-484f-8b91-e01503de4488;hdl:21.14100/f04a0b90-1fbb-4863-ac38-677d5ee5b8f0;hdl:21.14100/80e7375e-cf34-4bff-a1f9-5cf3114f212a
hdl:21.14100/381451aa-5ab5-3161-93df-1dd1840a5a7f,CMIP6.ScenarioMIP.MPI-M.MPI-ESM1-2-LR.ssp585.r8i1p1f1.Omon.umo.gn.v20190710,hdl:21.14100/dde4dd3b-6a32-4241-9efc-8a07e134724a;hdl:21.14100/e0c6f57b-ac09-4fbc-b65c-0d5ed0b3f467;hdl:21.14100/cb3c41fb-e3ba-4666-9f86-c57d0c635cdb;hdl:21.14100/36599426-c996-4c36-b038-d696ebdc29f9;hdl:21.14100/5f9674a2-2db1-4e40-9b49-f76bdb6af1ac
hdl:21.14100/60456878-46f6-3750-9d00-9db9496f5e14,CMIP6.ScenarioMIP.MPI-M.MPI-ESM1-2-LR.ssp585.r8i1p1f1.Omon.uo.gn.v20190710,hdl:21.14100/fe90b304-1048-4549-a15b-aed999c781db;hdl:21.14100/9163509b-9250-4377-abfc-6e02486875a6;hdl:21.14100/bb9b74f3-cee1-4d1d-9dc5-1f7b49133bd2;hdl:21.14100/2971b37d-e067-408e-a35b-3fa2de0363e4;hdl:21.14100/02925b62-30f4-493e-b876-53e381f5af15
hdl:21.14100/cca8e8f0-3641-30f2-89a8-20d03f0bd401,CMIP6.ScenarioMIP.MPI-M.MPI-ESM1-2-LR.ssp585.r8i1p1f1.Omon.tauuo.gn.v20190710,hdl:21.14100/9cd635da-bfef-483d-bf55-84bf1be1e8b6;hdl:21.14100/1744341d-1267-4e15-b1c9-164ea08d7862;hdl:21.14100/223f48c9-123f-4852-95ba-1c5eae42efb6;hdl:21.14100/cee5d24b-e6ec-41c2-bc49-5bef46b80fc5;hdl:21.14100/e9932629-39db-4ec5-8bcb-b7ad7b9f7d82
hdl:21.14100/f6d66bb6-ae29-3b04-b1cb-e36ee714a407,CMIP6.ScenarioMIP.MPI-M.MPI-ESM1-2-LR.ssp585.r8i1p1f1.Omon.hfx.gn.v20190710,hdl:21.14100/8df32b1a-f2a4-467a-96c2-adaee19964a9;hdl:21.14100/27498388-eec8-40ae-a9f9-884aa7225d46;hdl:21.14100/e6d0baa3-bcbb-4e58-8aeb-41b8b82a33d3;hdl:21.14100/af53fb9c-aac8-4eba-9fc0-361b994654a0;hdl:21.14100/53bb87e0-8815-4182-b260-1a57106477ee
hdl:21.14100/d666c74c-dd5c-39ff-8144-5891455c3d52,CMIP6.ScenarioMIP.MPI-M.MPI-ESM1-2-LR.ssp585.r8i1p1f1.Eday.es.gn.v20190710,hdl:21.14100/0ddbb679-ea5c-47c6-991f-4577c7895a9f;hdl:21.14100/0e0a5c22-d836-406d-b8c1-c2c8ee460543;hdl:21.14100/3b2e3004-fc4d-45e1-9556-93232264b8c8;hdl:21.14100/96f2092d-ecca-41e7-ac35-5560fd36534a;hdl:21.14100/4636e600-7958-4df7-a4a1-a1c2116ec882
hdl:21.14100/f094511d-0013-3381-8744-43ba0133f3f1,CMIP6.ScenarioMIP.MPI-M.MPI-ESM1-2-LR.ssp585.r8i1p1f1.Eyr.fracLut.gn.v20190710,hdl:21.14100/a6018240-75a8-4f3e-b4f2-bc9338da086f;hdl:21.14100/81d2c548-ed67-4aca-b34b-3dc9dc33c59f;hdl:21.14100/20953c19-1f8d-4c28-bad4-bc39832167c1;hdl:21.14100/a506c222-f14c-4165-9079-920f8ea9c05f;hdl:21.14100/8966fe42-3f47-423b-88e4-3b602b7c7d4b
hdl:21.14100/0e3c5ad3-d376-338a-b30e-f5598c6d92b4,CMIP6.ScenarioMIP.MPI-M.MPI-ESM1-2-LR.ssp585.r8i1p1f1.6hrPlevPt.sfcWind.gn.v20190710,hdl:21.14100/b4431696-3f0d-4833-9059-a642a77a53da;hdl:21.14100/4d7aaa4a-876a-4c81-9773-e29987dcd472;hdl:21.14100/dab518fd-6b67-4c9e-93b7-992097d76eaa;hdl:21.14100/c5c8c557-b1e1-4e34-9394-2bdfad015ecf;hdl:21.14100/f3954992-15e5-4583-959a-d50e5cdee5d6
hdl:21.14100/19b67884-0893-33d7-83ad-00adb4d8271e,CMIP6.ScenarioMIP.MPI-M.MPI-ESM1-2-LR.ssp585.r8i1p1f1.Omon.o2sat.gn.v20190710,hdl:21.14100/1b463088-e63b-4816-804c-b0b0f5bf11f4;hdl:21.14100/f64f6773-b313-422c-a999-19f9f33b60a8;hdl:21.14100/511df4c9-0262-4493-ad7f-7361335b82ae;hdl:21.14100/45a39d1d-c981-402c-b3d1-1278596a7482;hdl:21.14100/f8fa87bb-755b-4a2d-8b30-418baef74d74
hdl:21.14100/04625725-2605-30f9-adf9-40c267a7aae8,CMIP6.ScenarioMIP.MPI-M.MPI-ESM1-2-LR.ssp585.r8i1p1f1.Oyr.o2sat.gn.v20190710,hdl:21.14100/3c6531ed-ca1d-477a-9f93-19e316c2a3dd;hdl:21.14100/116bd647-74cd-47c3-8fad-1f17f7186928;hdl:21.14100/9d3fb6b7-8c63-4bf2-ad3b-cec21a68fc5e;hdl:21.14100/d1fffab2-833d-4ac2-ab28-584f013f4a92;hdl:21.14100/89e07a96-6d8a-44b1-a78c-6b1c912cdc03
hdl:21.14100/bbb73302-808f-37f5-b319-06250f50c7a8,CMIP6.ScenarioMIP.MPI-M.MPI-ESM1-2-LR.ssp585.r8i1p1f1.Eday.sbl.gn.v20190710,hdl:21.14100/c35cf1e7-1a7d-4094-a1be-17e9f05eee15;hdl:21.14100/a01f46d4-938e-4ee8-be3f-49d848aa7ddf;hdl:21.14100/32efc3a2-0115-41dd-b84a-22de30e3faa4;hdl:21.14100/e8a2c921-c52e-48cb-9a07-867faaaae124;hdl:21.14100/b9f5a735-8d42-4803-b5b4-765914668cde
hdl:21.14100/c03c543b-b2c6-33f9-8de3-a9adcc0d4ae7,CMIP6.ScenarioMIP.CSIRO.ACCESS-ESM1-5.ssp585.r8i1p1f1.Omon.fgco2.gn.v20200908,hdl:21.14100/412e4e26-2dc1-4052-a318-d85b044656b2
hdl:21.14100/4dc4a708-7d5d-3f2d-881b-6db2fb324ff2,CMIP6.ScenarioMIP.CSIRO.ACCESS-ESM1-5.ssp585.r8i1p1f1.Omon.msftmrho.gn.v20200908,hdl:21.14100/b4bcb19c-b1a0-4b0a-a86c-e41c0b416056
hdl:21.14100/f6f5a21f-75ee-33e2-865a-44baef91490d,CMIP6.ScenarioMIP.CCCma.CanESM5.ssp585.r8i1p1f1.Emon.loadso4.gn.v20190429,hdl:21.14100/9ac6386c-fa99-48c8-9417-2f723b17f4e1
hdl:21.14100/81a8c3ad-3e55-3c1b-a1d7-9ecec2308b82,CMIP6.ScenarioMIP.CCCma.CanESM5.ssp585.r8i1p2f1.Emon.loadso4.gn.v20190429,hdl:21.14100/644ef0e0-c776-4cb5-a83f-35df42f78c7c
hdl:21.14100/1062d268-4591-3120-9250-ce06bca3777d,CMIP6.ScenarioMIP.MPI-M.MPI-ESM1-2-LR.ssp585.r9i1p1f1.Emon.tntrs.gn.v20190710,hdl:21.14100/9c231b24-4ecb-488c-8461-43e5d3040700;hdl:21.14100/bb043a86-52d7-4e0d-818e-23eaf79d29da;hdl:21.14100/b40c53d8-1deb-4a43-8598-5c8602b6feb7;hdl:21.14100/41fc0449-8448-459e-974f-380920fb12ed;hdl:21.14100/3f01fb64-f4d6-4ded-869d-53a1d8f8234d
hdl:21.14100/2537a21f-46c0-3ecc-b3cf-9178d154fe31,CMIP6.ScenarioMIP.MPI-M.MPI-ESM1-2-LR.ssp585.r9i1p1f1.Emon.tntrl.gn.v20190710,hdl:21.14100/8ae8b23c-7f84-41d2-8621-f19286afad3e;hdl:21.14100/f17726fc-29eb-408c-9c69-07f9da7d5e78;hdl:21.14100/d01f5672-85b9-4d43-8270-9d8306274c93;hdl:21.14100/2a1b6f07-04ee-4e55-bbf2-aafefb236cd7;hdl:21.14100/d2af49a8-b6ba-4788-80f6-fdddcef56fd2
hdl:21.14100/4e88adb6-10b2-3626-a05d-f9dd0a5d650b,CMIP6.ScenarioMIP.MPI-M.MPI-ESM1-2-LR.ssp585.r9i1p1f1.Omon.umo.gn.v20190710,hdl:21.14100/352786a8-8b68-46a5-a094-6804aec32a97;hdl:21.14100/bc98ba7d-07f9-4d6f-a804-1b2f141988c8;hdl:21.14100/b2df0b67-dc9e-4133-84d4-ae2a942a5cf8;hdl:21.14100/8dd31182-131b-4423-a401-b26e128f65bc;hdl:21.14100/1471bf87-e602-401a-8fed-6d496bd3620d
hdl:21.14100/20a19fe4-2542-3b50-8879-4def9ca6e30d,CMIP6.ScenarioMIP.MPI-M.MPI-ESM1-2-LR.ssp585.r9i1p1f1.Omon.uo.gn.v20190710,hdl:21.14100/02bdc346-b496-4431-a8aa-e8649edcdb44;hdl:21.14100/21eda403-da47-4c88-b493-d84dd3c05818;hdl:21.14100/8bac64ac-c462-4528-8ded-0727d9e78014;hdl:21.14100/b8c5e8b1-5fcf-4285-ab14-1c06ce929497;hdl:21.14100/d21200d3-ad68-4443-b700-a224b8ce0c75
hdl:21.14100/c4a96b38-93b6-3c4e-88ec-c67cdc5c907c,CMIP6.ScenarioMIP.MPI-M.MPI-ESM1-2-LR.ssp585.r9i1p1f1.Omon.tauuo.gn.v20190710,hdl:21.14100/c1816ed9-42f0-4888-a865-0b86f6e30efc;hdl:21.14100/1e3858a8-c367-4b03-9354-5d040a9cf6e6;hdl:21.14100/ea101d37-3472-42bd-968f-ab9510390ce4;hdl:21.14100/41742c0d-4194-49f6-96a1-f9ae14321fb3;hdl:21.14100/dd6a7c16-2364-465f-9a6e-d4c17a6cf124
hdl:21.14100/aad9351f-0aef-3671-8367-4f34c796b412,CMIP6.ScenarioMIP.MPI-M.MPI-ESM1-2-LR.ssp585.r9i1p1f1.Omon.hfx.gn.v20190710,hdl:21.14100/02c6ca72-0d97-4269-90f8-e47f1c951349;hdl:21.14100/a4c26204-95a3-437b-8975-d96e12c8fc0e;hdl:21.14100/f670d8c2-4392-4b44-857f-f0706fc37993;hdl:21.14100/4269d8fe-c59f-4100-99d5-46c914aeecca;hdl:21.14100/73ad5c2d-e023-4e36-8487-fc775a2477b9
hdl:21.14100/31c2bc9f-349a-31aa-9f48-afa08c23ce39,CMIP6.ScenarioMIP.MPI-M.MPI-ESM1-2-LR.ssp585.r9i1p1f1.Eday.es.gn.v20190710,hdl:21.14100/cdf5318a-0059-43d6-b167-4ec89a2271c7;hdl:21.14100/f4d1ee67-7954-4d8e-a641-94126084bc8d;hdl:21.14100/f20157ad-2bee-4852-b121-213ce1bcb40a;hdl:21.14100/bfb2ae82-223e-4a2b-b73c-a75e616d66e8;hdl:21.14100/1a3fef21-97fc-4a30-96c3-532c75fdd0f0
hdl:21.14100/87da22f5-dd75-35ae-b185-feafbc89562e,CMIP6.ScenarioMIP.MPI-M.MPI-ESM1-2-LR.ssp585.r9i1p1f1.Eyr.fracLut.gn.v20190710,hdl:21.14100/0ff5f078-cd05-4561-85d4-ca232c5ed503;hdl:21.14100/1cdd36b7-21df-470d-9553-e3c5518a3022;hdl:21.14100/903509bf-9921-476c-9a5a-6c16788381de;hdl:21.14100/4a5fd3d0-1191-4248-96af-2e36931641a6;hdl:21.14100/54b9c2f5-1b65-4f04-baac-07509ffb7d7a
hdl:21.14100/206f9772-6ab7-38ba-9525-b04f8837cc39,CMIP6.ScenarioMIP.MPI-M.MPI-ESM1-2-LR.ssp585.r9i1p1f1.6hrPlevPt.sfcWind.gn.v20190710,hdl:21.14100/2fdda7c6-a2fd-4f1d-802f-61f1f11b1fc6;hdl:21.14100/b8b64fc2-f3e7-474f-bd3e-da228261e355;hdl:21.14100/e30faef8-9a42-41fe-b273-28232f52d0a2;hdl:21.14100/2cdcb19a-8c41-4dd4-bc1d-19112bccc4b5;hdl:21.14100/9fd04030-1522-4616-807a-ee7d5400fe80
hdl:21.14100/8e665137-8481-31e3-9077-cc21740abd40,CMIP6.ScenarioMIP.CCCma.CanESM5.ssp585.r9i1p1f1.Emon.loadso4.gn.v20190429,hdl:21.14100/49127dc6-9678-40cc-8918-7f9ac0a99693
hdl:21.14100/cc07a964-fdaa-3fb1-8bb6-dd23b7945263,CMIP6.ScenarioMIP.MPI-M.MPI-ESM1-2-LR.ssp585.r9i1p1f1.Omon.o2sat.gn.v20190710,hdl:21.14100/5e2aa187-c5dc-4113-9dfd-3b5a71a405a5;hdl:21.14100/419d8c62-5481-48b9-84ca-dd748aea4644;hdl:21.14100/05e9a4b6-7e21-467b-af9e-0f2a13d746e1;hdl:21.14100/3ae02e08-a1e2-4f45-8ed7-bdafddde4622;hdl:21.14100/531235ea-e84c-49c6-88e3-57d8d00cff19
hdl:21.14100/16d11e42-65ec-3bf3-8835-44e685121704,CMIP6.ScenarioMIP.MPI-M.MPI-ESM1-2-LR.ssp585.r9i1p1f1.Oyr.o2sat.gn.v20190710,hdl:21.14100/b80f6cf8-1559-40da-a62e-13842f5d11b0;hdl:21.14100/09c0e084-7f7b-4aa8-9a72-673385474af0;hdl:21.14100/58824ae7-689e-42f3-8d9c-fef5897f42b6;hdl:21.14100/c439ff52-3cd3-4a68-862e-64809aa9607d;hdl:21.14100/6b16953e-b17d-4fe7-b7c5-edcec6cfde60
hdl:21.14100/de9f16c6-3ec2-3c86-8fce-5eaea2d4b44d,CMIP6.ScenarioMIP.MPI-M.MPI-ESM1-2-LR.ssp585.r9i1p1f1.Eday.sbl.gn.v20190710,hdl:21.14100/010a546f-3ca3-4f61-aaa8-b1bde6572efa;hdl:21.14100/66563e00-a0cd-4e1e-9d6c-fd53b702d330;hdl:21.14100/de73ec76-d5da-4cad-84ff-a907925b5e2c;hdl:21.14100/f2f58138-c867-4a1e-b97b-fa6cd3f26d8f;hdl:21.14100/3a6991ef-c98b-468b-bd32-96f256885c61
hdl:21.14100/ac0eaed8-0201-3285-a6c2-61d4362c7b51,CMIP6.ScenarioMIP.CSIRO.ACCESS-ESM1-5.ssp585.r9i1p1f1.Omon.fgco2.gn.v20200908,hdl:21.14100/aa187c52-92c6-4336-ba7c-fb172ad4b737
hdl:21.14100/ead4f528-4286-3a7f-8884-df3a8cfa6a9e,CMIP6.ScenarioMIP.CSIRO.ACCESS-ESM1-5.ssp585.r9i1p1f1.Omon.msftmrho.gn.v20200908,hdl:21.14100/de8661d2-4279-4024-8e1a-c3a1188e8c86
hdl:21.14100/442849e3-72ce-3d01-8673-e6375c45821b,CMIP6.ScenarioMIP.CCCma.CanESM5.ssp585.r9i1p2f1.Emon.loadso4.gn.v20190429,hdl:21.14100/d018bdc6-e3ef-46ee-94b2-12d4d0d8d3f8
hdl:21.14100/330eacf3-13fd-3dde-af3b-2268a3f1d834,CMIP6.C4MIP.CSIRO.ACCESS-ESM1-5.ssp585-bgc.r1i1p1f1.Omon.msftmrho.gn.v20200730,hdl:21.14100/e3ebc5a3-bf41-41e9-a264-abc70c79eec3
hdl:21.14100/a8ebd709-2bcb-3a54-baee-8eb3a9750cfb,CMIP6.C4MIP.CSIRO.ACCESS-ESM1-5.ssp585-bgc.r1i1p1f1.Omon.msftyrho.gn.v20200730,hdl:21.14100/e8bf25fd-f8a9-4ce8-b499-0d268f30bc6d
hdl:21.14100/3f0e9787-713f-3e30-a02d-51ff966b2b6b,CMIP6.C4MIP.MRI.MRI-ESM2-0.ssp585-bgc.r1i2p1f1.Omon.tos.gn.v20200303,hdl:21.14100/113a944d-248b-44dc-9881-48a8f5dccbd6
hdl:21.14100/ec8d4a9e-7c51-3899-b2e1-e89589d57241,CMIP6.C4MIP.MRI.MRI-ESM2-0.ssp585-bgc.r1i2p1f1.Omon.fgco2.gn.v20200303,hdl:21.14100/afe52974-de51-48b1-bcfd-6f5b3d02d090
hdl:21.14100/ac65a04f-490e-3b14-a3aa-83eeae466198,CMIP6.C4MIP.CCCma.CanESM5.ssp585-bgc.r1i1p2f1.Emon.loadso4.gn.v20190429,hdl:21.14100/ee94c669-0463-4345-b760-58cff440771c
hdl:21.14100/8e3f17a0-76aa-32e8-bf35-e66d5c0a579e,CMIP6.C4MIP.MOHC.UKESM1-0-LL.ssp585-bgc.r4i1p1f2.SImon.sisnmass.gn.v20190806,hdl:21.14100/cb1cbab1-111d-46e7-9383-432e0df5dc47;hdl:21.14100/ac93878f-3753-4f37-9098-af6a63b1dde8
hdl:21.14100/2d76b9ff-9cc4-3c98-ae72-355b8cea2171,CMIP6.C4MIP.MOHC.UKESM1-0-LL.ssp585-bgc.r4i1p1f2.SImon.sidmassmeltbot.gn.v20190806,hdl:21.14100/fa92d865-8b38-4661-9aa5-4d6cd1976020;hdl:21.14100/ba7a13ea-2957-48af-9a64-fbb2ce4b39fe
hdl:21.14100/86f750d0-2295-3524-998e-09de7822a57b,CMIP6.C4MIP.MOHC.UKESM1-0-LL.ssp585-bgc.r4i1p1f2.SImon.sidmassevapsubl.gn.v20190806,hdl:21.14100/e1efa68e-c0d3-4908-9fa5-ee184fe12342;hdl:21.14100/719e5ab0-a92b-4ebb-8c12-3bab12319d9a
hdl:21.14100/90e1abb9-5d34-3316-a98a-0e9c0130ddff,CMIP6.C4MIP.MOHC.UKESM1-0-LL.ssp585-bgc.r4i1p1f2.SImon.sithick.gn.v20190806,hdl:21.14100/ae64c2b4-c549-4307-80e3-f5306ae80bc5;hdl:21.14100/5a37df3d-8462-417f-ab7f-f202eab5714f
hdl:21.14100/cbb88da7-8fb3-3b01-8277-28a90a05228e,CMIP6.C4MIP.MOHC.UKESM1-0-LL.ssp585-bgc.r4i1p1f2.SImon.simass.gn.v20190806,hdl:21.14100/e93dd773-6d27-4d2b-893a-c8e59216dc02;hdl:21.14100/5f32e714-1ded-42d8-a03e-0dc0541a364a
hdl:21.14100/5d3ab386-eab9-3c45-9072-05b9a868b2a6,CMIP6.C4MIP.MOHC.UKESM1-0-LL.ssp585-bgc.r4i1p1f2.SImon.sirdgconc.gn.v20190806,hdl:21.14100/ccad569f-cfeb-428e-a8b6-ac7f939b1d52;hdl:21.14100/8d832bd1-bd84-4900-903a-9a25aae8f4db
hdl:21.14100/c9c4a779-f232-36d7-bbe7-a10dacfe5c8a,CMIP6.C4MIP.MOHC.UKESM1-0-LL.ssp585-bgc.r4i1p1f2.SImon.simpconc.gn.v20190806,hdl:21.14100/93a10330-a0d6-4a5e-b681-824b8cab3ffa;hdl:21.14100/396c52b2-df15-4fd0-a7fe-abe30b914d95
hdl:21.14100/5153323b-8d11-3e0a-8e7f-580de7ede04a,CMIP6.C4MIP.MOHC.UKESM1-0-LL.ssp585-bgc.r4i1p1f2.SImon.siconc.gn.v20190806,hdl:21.14100/8ed695b2-7fe9-4ce8-b924-9b11b90b7eee;hdl:21.14100/97502ffe-9d76-48f6-bd82-70c1ae6509bf
hdl:21.14100/962110f9-5760-37ea-a671-f27e3b292282,CMIP6.C4MIP.MOHC.UKESM1-0-LL.ssp585-bgc.r4i1p1f2.SImon.siage.gn.v20190806,hdl:21.14100/de69f272-5027-4a6b-bd06-efe65e230148;hdl:21.14100/a99ea807-8caf-4303-9d21-984c18555d3a
hdl:21.14100/484369fc-fab4-3107-bb14-5a4cf0dc52a2,CMIP6.C4MIP.MIROC.MIROC-ES2L.ssp585-bgc.r1i1p1f2.Omon.intpp.gn.v20200124,hdl:21.14100/4b1a95ef-ffaa-4c3e-8d76-d11a0db4def9
hdl:21.14100/ed6c06a0-6fd4-3f7d-9b91-2ece68b6092d,CMIP6.C4MIP.NASA-GISS.GISS-E2-1-G-CC.ssp585-bgc.r1i1p1f1.Omon.epsi100.gn.v20190815,hdl:21.14100/cb4eac73-55b6-4c14-8bd4-de429a003b7b;hdl:21.14100/582fe171-d117-4c68-9c4e-e75ae0d6f0df;hdl:21.14100/cce1fd6b-0e8d-4d2f-88f7-8c7487d97f61
hdl:21.14100/53ce1497-20c9-312c-b967-db44da28bc10,CMIP6.C4MIP.NASA-GISS.GISS-E2-1-G-CC.ssp585-bgc.r1i1p1f1.Omon.expc.gn.v20190815,hdl:21.14100/564e6205-3e9f-4ab9-8e22-19d1429e1e87;hdl:21.14100/71a7f032-7776-42ca-986d-90adddc0468e;hdl:21.14100/aa5da991-4fba-4637-86f8-aa9ac51df4df;hdl:21.14100/3f6dab4c-7414-440e-9da4-2181cd7b3574;hdl:21.14100/90da7b14-8dac-4a7f-9f50-7606521f668a
hdl:21.14100/03da15ed-a52f-3dd9-91b6-795f797f4fc0,CMIP6.C4MIP.NASA-GISS.GISS-E2-1-G-CC.ssp585-bgc.r1i1p1f1.Lmon.cProduct.gn.v20190815,hdl:21.14100/6bec867a-a88f-4329-9c63-11d6188176c1
hdl:21.14100/9a581038-caf9-34e7-bb95-dc174456da93,CMIP6.C4MIP.NASA-GISS.GISS-E2-1-G-CC.ssp585-bgc.r1i1p1f1.Omon.dissicabioos.gn.v20190815,hdl:21.14100/e842fbc4-b8dd-4d07-b063-ce06629814f4;hdl:21.14100/10b5c2b6-6af9-4c94-9aa2-43edbdae0d89;hdl:21.14100/d5494f6b-d9cb-4675-ba30-743d21eee24b
hdl:21.14100/1c6315fb-d6a4-3f41-949a-7ad703a3996c,CMIP6.C4MIP.NASA-GISS.GISS-E2-1-G-CC.ssp585-bgc.r1i1p1f1.Omon.dissicabio.gn.v20190815,hdl:21.14100/508d347f-87f0-4c54-bbcd-713f9e13e0c9;hdl:21.14100/06cf8d07-13e3-4748-a0e1-4743778a5ae7;hdl:21.14100/5891072d-2264-4f0b-bc9c-8f8de7ec822c;hdl:21.14100/e344d944-027c-44b3-a4e4-c739fea04e8b;hdl:21.14100/3f6ac302-3a26-4aff-a023-aff22e20f104
hdl:21.14100/1f7169fa-fe59-3dde-a226-fd3eb8f55eb2,CMIP6.C4MIP.MIROC.MIROC-ES2L.ssp585-bgc.r1i1p1f2.Omon.intpp.gr1.v20200731,hdl:21.14100/d71efe99-d7b0-476b-aef4-ae12619e4958
hdl:21.14100/b2751042-69b1-3a9f-aedd-036bfda4bf2e,CMIP6.C4MIP.MRI.MRI-ESM2-0.ssp585-bgc.r1i2p1f1.Lmon.nppLeaf.gn.v20200313,hdl:21.14100/ecc96598-2b70-433a-a01c-77ec7b941fbe
hdl:21.14100/030469a8-4395-3f4e-84c4-53bdcded5bf9,CMIP6.C4MIP.MRI.MRI-ESM2-0.ssp585-bgc.r1i2p1f1.Lmon.nppWood.gn.v20200313,hdl:21.14100/ed5de9c7-8018-45dc-819a-407ee23d8fe5
hdl:21.14100/f76020a2-d888-3f06-be38-ca1e089b9e76,CMIP6.C4MIP.MRI.MRI-ESM2-0.ssp585-bgc.r1i2p1f1.Lmon.nppRoot.gn.v20200313,hdl:21.14100/7394e3b8-a8e2-46cd-aa03-148d537fcf4f
hdl:21.14100/c4626063-668e-3ad6-afe6-90f5d263c0e1,CMIP6.C4MIP.MRI.MRI-ESM2-0.ssp585-bgc.r1i2p1f1.SImon.siitdconc.gn.v20200303,hdl:21.14100/4687b15e-a0bb-4738-a0c1-cb2b7f5ff349
hdl:21.14100/7724009a-ca90-3d13-a5b8-3db1e2fb1548,CMIP6.C4MIP.MRI.MRI-ESM2-0.ssp585-bgc.r1i2p1f1.SImon.siforceintstry.gn.v20200303,hdl:21.14100/f9b61b17-9bb4-421c-b362-dcba66f091ff
hdl:21.14100/6b12d068-02f8-364e-8a77-c4cdbdcdd4db,CMIP6.C4MIP.MRI.MRI-ESM2-0.ssp585-bgc.r1i2p1f1.Omon.dissic.gn.v20200303,hdl:21.14100/a69513c4-9d6d-435a-9e6d-8f5db99631f1;hdl:21.14100/abdeb3d1-9824-4219-ac02-7e459e7d4aee
hdl:21.14100/f3960065-b013-31e1-85c8-cc603dbe9210,CMIP6.C4MIP.MRI.MRI-ESM2-0.ssp585-bgc.r1i2p1f1.Omon.cfc11.gn.v20200303,hdl:21.14100/2edaa83e-1f70-46de-b872-01a2114516e6;hdl:21.14100/267fac56-54c0-488e-aa98-e23ceb9e5540
hdl:21.14100/ec9ca3d9-08d3-39b0-8481-d6d3d27d5c98,CMIP6.C4MIP.MRI.MRI-ESM2-0.ssp585-bgc.r1i2p1f1.SImon.siflcondbot.gn.v20200303,hdl:21.14100/4931d048-bdb2-4359-9a1a-0b7eb36ad788
hdl:21.14100/db3ec8cb-a6d6-3266-9e4a-148c3703a29d,CMIP6.C4MIP.MRI.MRI-ESM2-0.ssp585-bgc.r1i2p1f1.SImon.siflcondtop.gn.v20200303,hdl:21.14100/7ee17c8d-c086-47d6-a2e5-9800e7aa3ab6
hdl:21.14100/a827244f-d64c-323d-aa37-ef2ebb15454f,CMIP6.C4MIP.MRI.MRI-ESM2-0.ssp585-bgc.r1i2p1f1.SIday.sispeed.gn.v20200303,hdl:21.14100/4f913403-d5d8-4e2b-a166-95c67839fc5d;hdl:21.14100/d3f8e872-52b6-4ee6-bf1a-c40306d3b8a2
hdl:21.14100/377410b1-fd2b-325d-a408-b7de21d0060c,CMIP6.C4MIP.MRI.MRI-ESM2-0.ssp585-bgc.r1i2p1f1.Omon.intpp.gn.v20200303,hdl:21.14100/0006e6de-c51e-4817-b256-5eebf83203c4
hdl:21.14100/b8612593-4f23-35e5-ac79-98b1e8293cb5,CMIP6.C4MIP.MRI.MRI-ESM2-0.ssp585-bgc.r1i2p1f1.Omon.hfrunoffds.gn.v20200303,hdl:21.14100/37bc16c5-ee0e-42c2-bf56-01d0993499e5
hdl:21.14100/d46ee078-f3c4-3629-b303-d84650088561,CMIP6.C4MIP.MRI.MRI-ESM2-0.ssp585-bgc.r1i2p1f1.SImon.siflsensupbot.gn.v20200303,hdl:21.14100/e3cc2db2-b330-46df-bee8-7670b76a8744
hdl:21.14100/38c41984-2ba8-3a80-9521-9e40c8137380,CMIP6.C4MIP.MRI.MRI-ESM2-0.ssp585-bgc.r1i2p1f1.Omon.tauvo.gn.v20200303,hdl:21.14100/439d8b91-b91e-4200-9302-60097759b3ca
hdl:21.14100/30c080b8-95a3-3e57-ab64-b19ff95f2ce9,CMIP6.C4MIP.MRI.MRI-ESM2-0.ssp585-bgc.r1i2p1f1.Omon.dissicabio.gn.v20200303,hdl:21.14100/591746b2-0a8f-433c-bee4-3d1fa714a769;hdl:21.14100/936736b2-284e-4587-80c4-39d1870536bb
hdl:21.14100/102bbf9d-0ced-35ac-a4f0-3c672c1c622d,CMIP6.C4MIP.MRI.MRI-ESM2-0.ssp585-bgc.r1i2p1f1.SImon.sidragbot.gn.v20200303,hdl:21.14100/0fc797e1-2536-441f-a59b-0afdd0e1d9b6
hdl:21.14100/90a4e1a4-211e-338b-a9c2-0416713eea43,CMIP6.C4MIP.MRI.MRI-ESM2-0.ssp585-bgc.r1i2p1f1.Omon.chl.gn.v20200303,hdl:21.14100/5df0cd42-4893-4f4c-8fc7-d61d15ea1b35;hdl:21.14100/ff72deb9-ee4e-4561-950b-8f89fb5b7ec3
hdl:21.14100/184e2a36-d991-324a-89b9-19f6a5fe07df,CMIP6.C4MIP.MRI.MRI-ESM2-0.ssp585-bgc.r1i2p1f1.SImon.sispeed.gn.v20200303,hdl:21.14100/fdfad354-b68a-4982-9af0-dd875976a6ac
hdl:21.14100/a937e990-c2d0-37ec-9fd5-74fd4977c758,CMIP6.C4MIP.MRI.MRI-ESM2-0.ssp585-bgc.r1i2p1f1.Omon.so.gn.v20200303,hdl:21.14100/9dad7c19-3d91-401f-9a89-e86a1704a78f;hdl:21.14100/52f7cc24-4545-4aeb-89a2-bf6dfb0d1c52
hdl:21.14100/071aed48-30eb-3a5e-b06d-ec047f0acecd,CMIP6.C4MIP.MRI.MRI-ESM2-0.ssp585-bgc.r1i2p1f1.Omon.vo.gn.v20200303,hdl:21.14100/3cd1a603-2690-4f31-b942-4e5724acb024;hdl:21.14100/a3adaa4f-cf61-4449-922d-02f7f0000d14
hdl:21.14100/3b3115f8-cf34-3796-b2fb-e4360c933131,CMIP6.C4MIP.MRI.MRI-ESM2-0.ssp585-bgc.r1i2p1f1.SImon.sidmassmeltbot.gn.v20200303,hdl:21.14100/23298e17-4952-4cab-9372-e4352bdd19f0
hdl:21.14100/0571003c-bb1a-3467-88d0-2e7461387416,CMIP6.C4MIP.MRI.MRI-ESM2-0.ssp585-bgc.r1i2p1f1.Omon.spco2.gn.v20200303,hdl:21.14100/32bd1154-c0e0-43fa-a77d-2991ba081e8a
hdl:21.14100/ed82a157-b204-3556-b607-3b95eb176304,CMIP6.C4MIP.MRI.MRI-ESM2-0.ssp585-bgc.r1i2p1f1.Omon.tossq.gn.v20200303,hdl:21.14100/1840cebd-2258-43cd-b2ad-2bfc98e0bf55
hdl:21.14100/2323c744-ed59-3104-a602-38cb48e496d6,CMIP6.C4MIP.MRI.MRI-ESM2-0.ssp585-bgc.r1i2p1f1.Omon.detoc.gn.v20200303,hdl:21.14100/678f1cb7-700f-4642-a0b4-85f64d6f6b5b;hdl:21.14100/f9f2d0cc-f31c-42e6-b926-ca2445246f45
hdl:21.14100/28b1ec3b-fc95-394a-bf3e-353b4b1759a7,CMIP6.C4MIP.MRI.MRI-ESM2-0.ssp585-bgc.r1i2p1f1.Omon.agessc.gn.v20200303,hdl:21.14100/8235af75-a62f-4752-a6eb-217276ed142d;hdl:21.14100/8ddcfc6b-847d-43b9-adbd-9b2426955f61
hdl:21.14100/7f443ab3-8159-3902-ae72-4af3a7055091,CMIP6.C4MIP.MRI.MRI-ESM2-0.ssp585-bgc.r1i2p1f1.Oday.sos.gn.v20200303,hdl:21.14100/af955e1d-640c-42ea-afd4-cd811cf3845e;hdl:21.14100/86c941fd-d6fd-4a58-8f4b-c755f6e61729
hdl:21.14100/dc77751e-d989-34b1-a804-96b76aa46a04,CMIP6.C4MIP.MRI.MRI-ESM2-0.ssp585-bgc.r1i2p1f1.Omon.tauuo.gn.v20200303,hdl:21.14100/dfdd2eaf-0971-4a5c-a05b-d15b089382ba
hdl:21.14100/dd647828-d1b7-3cf0-82b8-847d25208429,CMIP6.C4MIP.MRI.MRI-ESM2-0.ssp585-bgc.r1i2p1f1.Omon.fgco2nat.gn.v20200303,hdl:21.14100/3c7b719e-f80f-4ab8-8432-223179516352
hdl:21.14100/9fbc4f13-7253-3715-bacc-c7156ec3aa9d,CMIP6.C4MIP.MRI.MRI-ESM2-0.ssp585-bgc.r1i2p1f1.SImon.siconc.gn.v20200303,hdl:21.14100/6eeede06-a26d-45ff-b21a-2200589b9ce1
hdl:21.14100/dc5eef22-57db-3b76-83b4-16a4c4033f72,CMIP6.C4MIP.MRI.MRI-ESM2-0.ssp585-bgc.r1i2p1f1.SImon.sidmassgrowthbot.gn.v20200303,hdl:21.14100/ebd3c415-864c-489f-8dd1-2156e0f2cd84
hdl:21.14100/63298a22-cde1-3c76-8d55-61b7b9bc5514,CMIP6.C4MIP.MRI.MRI-ESM2-0.ssp585-bgc.r1i2p1f1.SImon.sndmasssi.gn.v20200303,hdl:21.14100/04d342cd-9849-4c37-9584-9af5beae68d4
hdl:21.14100/c136628b-28b7-394d-a62a-556b8dcc4da5,CMIP6.C4MIP.MRI.MRI-ESM2-0.ssp585-bgc.r1i2p1f1.Omon.rsntds.gn.v20200303,hdl:21.14100/7baad5f3-f813-4d50-86f0-c9d0303bb45b
hdl:21.14100/4a58b82f-3e21-396f-9cff-f4ab66b5d117,CMIP6.C4MIP.MRI.MRI-ESM2-0.ssp585-bgc.r1i2p1f1.Omon.po4.gn.v20200303,hdl:21.14100/7d1e0105-c39f-4b3f-98e2-dd9c20166fde;hdl:21.14100/14ca7d6b-1db4-44ec-84e5-0180f1fbde3a
hdl:21.14100/fb26efa1-8df1-36a1-8452-a8fa4c53f7f3,CMIP6.C4MIP.MRI.MRI-ESM2-0.ssp585-bgc.r1i2p1f1.Omon.pso.gn.v20200303,hdl:21.14100/bdc6e533-c94f-4e69-befc-5b0d03bc7abc
hdl:21.14100/aa1010e2-7baf-3d0e-bcf0-9cfc60559ab4,CMIP6.C4MIP.MRI.MRI-ESM2-0.ssp585-bgc.r1i2p1f1.Omon.fgsf6.gn.v20200303,hdl:21.14100/84ef3d4d-196a-409d-b993-d547aec5148f;hdl:21.14100/234194ab-956a-431f-8699-e83a553946d4
hdl:21.14100/e888420d-0829-3f8d-afb5-f087edb5ab47,CMIP6.C4MIP.MRI.MRI-ESM2-0.ssp585-bgc.r1i2p1f1.Oday.tossq.gn.v20200303,hdl:21.14100/f990230d-31a8-4e8e-ab98-db5f8ab95543;hdl:21.14100/36a25b2d-c388-461f-8c4f-91948c4676f3
hdl:21.14100/1a34a7fa-1b6f-33e5-8dfa-7a498afafc22,CMIP6.C4MIP.MRI.MRI-ESM2-0.ssp585-bgc.r1i2p1f1.Omon.dissi14cabio.gn.v20200303,hdl:21.14100/260310fb-101d-43f4-a121-e0c3961f539c;hdl:21.14100/5ae4f124-c91e-4782-8fa6-0ae6ed54496a
hdl:21.14100/bdf0522d-cbb5-38d5-a719-d36ca2ba93d4,CMIP6.C4MIP.MRI.MRI-ESM2-0.ssp585-bgc.r1i2p1f1.Omon.fgo2.gn.v20200303,hdl:21.14100/d1434ae5-c0e9-49b2-b23b-9671d1ec8995
hdl:21.14100/c32fb364-56d0-3687-9651-69b60dd744ab,CMIP6.C4MIP.MRI.MRI-ESM2-0.ssp585-bgc.r1i2p1f1.SImon.siflsenstop.gn.v20200303,hdl:21.14100/25478250-9fca-4ae6-bf46-03b9d79e8a36
hdl:21.14100/8770672e-e7a3-32cd-aece-50cf11b9c2d9,CMIP6.C4MIP.MRI.MRI-ESM2-0.ssp585-bgc.r1i2p1f1.Omon.masscello.gn.v20200303,hdl:21.14100/a86cccce-b69f-4e44-8fda-a92fb9df8190;hdl:21.14100/28cf89e1-ae71-427b-9e4e-665b5a7aea8e
hdl:21.14100/b4dbba4d-6d31-37cd-92de-ad9b272f9f6c,CMIP6.C4MIP.MRI.MRI-ESM2-0.ssp585-bgc.r1i2p1f1.Omon.mlotstmax.gn.v20200303,hdl:21.14100/f3edbef5-cb96-4469-ae67-f7c9fe1926ff
hdl:21.14100/31da12ba-4a98-3684-af12-418e4a8ec03d,CMIP6.C4MIP.MRI.MRI-ESM2-0.ssp585-bgc.r1i2p1f1.Omon.zossq.gn.v20200303,hdl:21.14100/b107b3cb-a9d6-47e5-aaa0-05d56d37699f
hdl:21.14100/a6ea49f3-bfcf-3f62-a7b7-f81cee6ac964,CMIP6.C4MIP.MRI.MRI-ESM2-0.ssp585-bgc.r1i2p1f1.SImon.sitemptop.gn.v20200303,hdl:21.14100/0d875b25-a2df-4602-96bb-63cc9ec6bc5a
hdl:21.14100/cda282e4-18f0-3f69-a9e7-b5a166154229,CMIP6.C4MIP.MRI.MRI-ESM2-0.ssp585-bgc.r1i2p1f1.Omon.o2.gn.v20200303,hdl:21.14100/a564974f-4a47-40a9-8369-eb588da1701b;hdl:21.14100/042a14f6-b1d2-412d-9020-8619a14f5f86
hdl:21.14100/07229aa5-3d69-3488-a1ac-668151918f2f,CMIP6.C4MIP.MRI.MRI-ESM2-0.ssp585-bgc.r1i2p1f1.Omon.pbo.gn.v20200303,hdl:21.14100/4a18c392-b708-454d-bc4d-4ce26e274b99
hdl:21.14100/c21e59d3-05f5-30f4-9ee6-503da283368c,CMIP6.C4MIP.MRI.MRI-ESM2-0.ssp585-bgc.r1i2p1f1.SImon.sidmassgrowthwat.gn.v20200303,hdl:21.14100/796a839f-6c3a-4310-abfb-47f8dd257320
hdl:21.14100/6c56682a-1dd7-35b3-a7a0-6ebcdd99b000,CMIP6.C4MIP.MRI.MRI-ESM2-0.ssp585-bgc.r1i2p1f1.Omon.fg14co2abio.gn.v20200303,hdl:21.14100/64462ae6-9d99-4432-b6c2-797a08a90b06
hdl:21.14100/1b4af527-cdec-3746-b16e-ba6ac9d9ba4a,CMIP6.C4MIP.MRI.MRI-ESM2-0.ssp585-bgc.r1i2p1f1.Omon.hfsifrazil.gn.v20200303,hdl:21.14100/5f4c10fe-00a1-4f16-b2bf-4d839e400913
hdl:21.14100/1690de50-373f-300a-b947-521638b428b0,CMIP6.C4MIP.MRI.MRI-ESM2-0.ssp585-bgc.r1i2p1f1.Omon.rsdo.gn.v20200303,hdl:21.14100/25336e7e-90d8-4565-a313-0cd7f1d6b7a3;hdl:21.14100/48b38828-8cf7-4c04-96a6-ad2ac13a6b80
hdl:21.14100/43d24b0a-6816-3adc-931c-a415ae6ce15f,CMIP6.C4MIP.MRI.MRI-ESM2-0.ssp585-bgc.r1i2p1f1.SImon.sidmassdyn.gn.v20200303,hdl:21.14100/17516c81-ab1a-4ac5-8019-48e46ea9c695
hdl:21.14100/4189fcad-a44c-3083-afea-3d952fee05c4,CMIP6.C4MIP.MRI.MRI-ESM2-0.ssp585-bgc.r1i2p1f1.Omon.fgcfc12.gn.v20200303,hdl:21.14100/19f9d90a-9522-4a60-8a3a-0be9e3605368;hdl:21.14100/c99858fb-8573-4454-bc94-6c62f8aa3805
hdl:21.14100/9cc832df-c7a8-3290-abfd-f7cc99adf311,CMIP6.C4MIP.MRI.MRI-ESM2-0.ssp585-bgc.r1i2p1f1.SImon.sishevel.gn.v20200303,hdl:21.14100/94d3fda3-08c6-4e04-8a82-a57a934e1d5e
hdl:21.14100/29b15eb6-1c3f-3271-97d2-506608a887ee,CMIP6.C4MIP.MRI.MRI-ESM2-0.ssp585-bgc.r1i2p1f1.Omon.o2os.gn.v20200303,hdl:21.14100/77edb89c-d96f-4d13-b5f8-37a5daa2c221
hdl:21.14100/8b8e058f-b9e0-360c-95db-a447b283bd53,CMIP6.C4MIP.MRI.MRI-ESM2-0.ssp585-bgc.r1i2p1f1.SImon.sistryubot.gn.v20200303,hdl:21.14100/5208c51d-5c45-4e5d-bb70-496aec87a453
hdl:21.14100/1b6f722f-6ebc-3f8d-b0a5-00aa52e838f8,CMIP6.C4MIP.MRI.MRI-ESM2-0.ssp585-bgc.r1i2p1f1.SImon.sisnhc.gn.v20200303,hdl:21.14100/bfb17357-b618-41d0-bac4-0a0ee29791bc
hdl:21.14100/8134cd6f-1db6-34f7-b83d-27ce2ab7f52e,CMIP6.C4MIP.MRI.MRI-ESM2-0.ssp585-bgc.r1i2p1f1.SImon.sisnthick.gn.v20200303,hdl:21.14100/7cffb81b-9dcc-421a-9184-0274ff8183cb
hdl:21.14100/059498f3-b900-3894-b095-a042fe398355,CMIP6.C4MIP.MRI.MRI-ESM2-0.ssp585-bgc.r1i2p1f1.SImon.sistrxubot.gn.v20200303,hdl:21.14100/df79b1eb-42e9-4151-8118-6ba7230baf32
hdl:21.14100/cc5ee55d-fa27-34d1-a96e-d9ec7f58b3c5,CMIP6.C4MIP.MRI.MRI-ESM2-0.ssp585-bgc.r1i2p1f1.Omon.spco2nat.gn.v20200303,hdl:21.14100/56dbd080-43a9-47a5-a847-529f53bc97f8
hdl:21.14100/4e6a3fe1-9370-39c4-8bb7-aa342819e3e4,CMIP6.C4MIP.MRI.MRI-ESM2-0.ssp585-bgc.r1i2p1f1.Omon.evs.gn.v20200303,hdl:21.14100/d80cdcfc-4760-444f-bbe6-f9076036ab18
hdl:21.14100/72f1dd2b-202e-397c-aebe-e13e33278442,CMIP6.C4MIP.MRI.MRI-ESM2-0.ssp585-bgc.r1i2p1f1.SIday.sitemptop.gn.v20200303,hdl:21.14100/9b688a11-51d9-4074-85d8-c6b7cbe34d52;hdl:21.14100/dae3e0d9-72ae-416b-b964-458fd4e38cec
hdl:21.14100/960836d7-fffb-3c24-8963-f146a212497a,CMIP6.C4MIP.MRI.MRI-ESM2-0.ssp585-bgc.r1i2p1f1.Omon.mlotstsq.gn.v20200303,hdl:21.14100/82aef1ce-3175-4ac7-8e6f-d6213c2e708e
hdl:21.14100/8a7388a1-c554-3b0c-bbae-d9cbb1ea9f75,CMIP6.C4MIP.MRI.MRI-ESM2-0.ssp585-bgc.r1i2p1f1.SImon.sihc.gn.v20200303,hdl:21.14100/50412f1c-0799-4769-9cf5-21a6f3cef9b6
hdl:21.14100/429d8f57-1f28-394c-baeb-b686ff42d640,CMIP6.C4MIP.MRI.MRI-ESM2-0.ssp585-bgc.r1i2p1f1.Omon.phabioos.gn.v20200303,hdl:21.14100/2156cfea-161f-49eb-b7f8-415ca8376229
hdl:21.14100/cecfe9ce-e3c5-377e-b071-5d8bcf865554,CMIP6.C4MIP.MRI.MRI-ESM2-0.ssp585-bgc.r1i2p1f1.Omon.talkos.gn.v20200303,hdl:21.14100/7740c4e4-8b77-4591-9c24-136a1baa742f
hdl:21.14100/9942a8f5-242e-3b47-bb27-3a5f80cbdc67,CMIP6.C4MIP.MRI.MRI-ESM2-0.ssp585-bgc.r1i2p1f1.SImon.siforcecoriolx.gn.v20200303,hdl:21.14100/6bc5187a-9913-4f9b-b5fa-977e01c504a9
hdl:21.14100/73343759-1d08-3961-921f-5d230582bc7f,CMIP6.C4MIP.MRI.MRI-ESM2-0.ssp585-bgc.r1i2p1f1.Oday.sossq.gn.v20200303,hdl:21.14100/927a0e0d-570a-474f-9334-12e2d3638cc3;hdl:21.14100/e97a33b4-cb51-43ed-97e9-407ebb9db97d
hdl:21.14100/2facd912-4443-3555-8b61-87b0081070bb,CMIP6.C4MIP.MRI.MRI-ESM2-0.ssp585-bgc.r1i2p1f1.Omon.sos.gn.v20200303,hdl:21.14100/84c1808e-a1a6-4245-a8dd-f144b73a2765
hdl:21.14100/d4c108dd-1aef-3811-98e2-bad2562f3192,CMIP6.C4MIP.MRI.MRI-ESM2-0.ssp585-bgc.r1i2p1f1.Omon.fgco2abio.gn.v20200303,hdl:21.14100/49777f4c-4aba-46f7-86fa-974ef5e1b465
hdl:21.14100/b69c9012-7c3f-3ad2-bea2-2c7387caf44b,CMIP6.C4MIP.MRI.MRI-ESM2-0.ssp585-bgc.r1i2p1f1.SImon.siforcecorioly.gn.v20200303,hdl:21.14100/ae59d7c2-c74f-4deb-a3a0-28219fec4867
hdl:21.14100/0f29735a-f6c4-307b-a8b0-93b7644b56f5,CMIP6.C4MIP.MRI.MRI-ESM2-0.ssp585-bgc.r1i2p1f1.SImon.sidconcdyn.gn.v20200303,hdl:21.14100/45a248f5-e583-4ec8-a818-d1fe16b6d62b
hdl:21.14100/8afe0281-2a50-3edc-a2fc-fc7e6f225ddd,CMIP6.C4MIP.MRI.MRI-ESM2-0.ssp585-bgc.r1i2p1f1.SIday.sisnthick.gn.v20200303,hdl:21.14100/c90becef-d667-4084-9228-29c387d93f8a;hdl:21.14100/5e0e0d2f-14df-4378-acc9-236fac2a81b3
hdl:21.14100/1480bb4d-0038-340d-9bf4-3960a9004a63,CMIP6.C4MIP.MRI.MRI-ESM2-0.ssp585-bgc.r1i2p1f1.Omon.sf6.gn.v20200303,hdl:21.14100/1c5f1720-d7dd-4f63-b56e-959d2dbf5066;hdl:21.14100/e5c31fc7-9212-4bd0-b469-c74ffa7a9c09
hdl:21.14100/550259e3-6e31-315e-bf0e-09530c268bf3,CMIP6.C4MIP.MRI.MRI-ESM2-0.ssp585-bgc.r1i2p1f1.Omon.dissicabioos.gn.v20200303,hdl:21.14100/b3f28e1e-ca69-42f9-a8bb-f76a46ee9a76
hdl:21.14100/2312cb0e-db36-3fee-83a2-d45039b69130,CMIP6.C4MIP.MRI.MRI-ESM2-0.ssp585-bgc.r1i2p1f1.SImon.siitdsnconc.gn.v20200303,hdl:21.14100/bda2c152-42a6-42bb-9ff1-02fac8cbf38c
hdl:21.14100/b58b7c69-2cec-36aa-b762-c583e65bebb0,CMIP6.C4MIP.MRI.MRI-ESM2-0.ssp585-bgc.r1i2p1f1.SImon.sidivvel.gn.v20200303,hdl:21.14100/8cd6a9ac-5078-4bd5-8dba-1a6529b4f920
hdl:21.14100/95831872-fc98-32ee-8d71-fcfdd5a31742,CMIP6.C4MIP.MRI.MRI-ESM2-0.ssp585-bgc.r1i2p1f1.Omon.dissicos.gn.v20200303,hdl:21.14100/bf4e90fe-41fc-4e6a-a20c-7717c22e6139
hdl:21.14100/a2f3dd1c-d1df-3bc9-bb5a-291746a22853,CMIP6.C4MIP.MRI.MRI-ESM2-0.ssp585-bgc.r1i2p1f1.Omon.fsitherm.gn.v20200303,hdl:21.14100/698d58cc-60f7-45c5-8d31-c2985e00b7e9
hdl:21.14100/6a99b619-aa10-33a8-88b2-8b32a8324865,CMIP6.C4MIP.MRI.MRI-ESM2-0.ssp585-bgc.r1i2p1f1.SImon.siflswutop.gn.v20200303,hdl:21.14100/3fc967e7-d77c-4f21-bd92-f39fab840aa9
hdl:21.14100/4e904e70-5713-3734-bd4b-8819829593ff,CMIP6.C4MIP.MRI.MRI-ESM2-0.ssp585-bgc.r1i2p1f1.SImon.siconca.gn.v20200303,hdl:21.14100/bd255d1d-35a9-4473-8b87-5339981d50b8
hdl:21.14100/731ac4c1-4c3c-392e-8368-19dc60db626d,CMIP6.C4MIP.MRI.MRI-ESM2-0.ssp585-bgc.r1i2p1f1.SImon.sidmasssi.gn.v20200303,hdl:21.14100/d773b190-7167-4d3c-adb7-0fe30f8b516c
hdl:21.14100/432c345a-ab83-3990-9cc2-b8131fde33a6,CMIP6.C4MIP.MRI.MRI-ESM2-0.ssp585-bgc.r1i2p1f1.SImon.simass.gn.v20200303,hdl:21.14100/20a44534-89b2-442b-94db-ceaaaf479333
hdl:21.14100/84ffb1c8-8953-3575-b7a9-8814ac574865,CMIP6.C4MIP.MRI.MRI-ESM2-0.ssp585-bgc.r1i2p1f1.Omon.phos.gn.v20200303,hdl:21.14100/8e4b1993-f9e4-4d6b-a3ce-0305e7763a53
hdl:21.14100/66e32a8f-ee7e-3e83-9947-74147cf3e136,CMIP6.C4MIP.MRI.MRI-ESM2-0.ssp585-bgc.r1i2p1f1.Omon.mlotstmin.gn.v20200303,hdl:21.14100/1c396df7-1663-4bdb-a91b-8fdfcfd5b4a3
hdl:21.14100/a07ca634-369a-3cb8-9c80-174b40747ed3,CMIP6.C4MIP.MRI.MRI-ESM2-0.ssp585-bgc.r1i2p1f1.Omon.detocos.gn.v20200303,hdl:21.14100/8693ddb2-1981-4912-a4e4-7e8ebb3b1a73
hdl:21.14100/e1d29566-0495-34a3-be69-245c44491f6c,CMIP6.C4MIP.MRI.MRI-ESM2-0.ssp585-bgc.r1i2p1f1.Omon.talk.gn.v20200303,hdl:21.14100/c2d72f58-5218-42fd-8076-c754971750db;hdl:21.14100/1321b335-1628-41d1-8c68-c208a4e46809
hdl:21.14100/d3aa0af1-f35e-37a7-a901-14095565f14a,CMIP6.C4MIP.MRI.MRI-ESM2-0.ssp585-bgc.r1i2p1f1.Omon.sossq.gn.v20200303,hdl:21.14100/840e7347-8504-4e0c-9dbb-0ff165d08e21
hdl:21.14100/dac34955-f19c-30c2-8572-0682941f8199,CMIP6.C4MIP.MRI.MRI-ESM2-0.ssp585-bgc.r1i2p1f1.Omon.zooc.gn.v20200303,hdl:21.14100/51be3630-212f-4109-969c-d4fdff50d670;hdl:21.14100/c7440ff0-d73e-481b-a2a7-ffdd70a77596
hdl:21.14100/a2dab167-f0e4-3064-8dfe-5fdbaf2d042b,CMIP6.C4MIP.MRI.MRI-ESM2-0.ssp585-bgc.r1i2p1f1.Omon.obvfsq.gn.v20200303,hdl:21.14100/43af1241-22a4-4167-be63-37db66f7a862;hdl:21.14100/ff2a8565-9771-4aef-a429-a0f53e9a933d
hdl:21.14100/b06fc533-d55d-3e4e-8afe-579e0962ea80,CMIP6.C4MIP.MRI.MRI-ESM2-0.ssp585-bgc.r1i2p1f1.SImon.siforceintstrx.gn.v20200303,hdl:21.14100/aee8a42b-11a0-43f9-b995-d0d6fad7d464
hdl:21.14100/14395649-9df6-36b1-85df-b581e70ecda6,CMIP6.C4MIP.MRI.MRI-ESM2-0.ssp585-bgc.r1i2p1f1.Omon.o2satos.gn.v20200303,hdl:21.14100/f1d33348-7bca-44df-9ae8-85fb2a7492bc
hdl:21.14100/235a68f4-f10f-39ef-91d8-753f4ccedeb3,CMIP6.C4MIP.MRI.MRI-ESM2-0.ssp585-bgc.r1i2p1f1.Omon.epcalc100.gn.v20200303,hdl:21.14100/979dd767-f6d8-4fbd-93ed-fc80e9d362d3
hdl:21.14100/dfad31b1-fc91-3136-9af4-12305042adfb,CMIP6.C4MIP.MRI.MRI-ESM2-0.ssp585-bgc.r1i2p1f1.Omon.sfdsi.gn.v20200303,hdl:21.14100/1f45e2fc-8fdd-4870-92af-7031a7c723d6
hdl:21.14100/7a8ba4cc-291a-34c6-b006-33ab69d91984,CMIP6.C4MIP.MRI.MRI-ESM2-0.ssp585-bgc.r1i2p1f1.SImon.sifllwutop.gn.v20200303,hdl:21.14100/c26c90f2-de17-4b50-8569-311922ddc7fb
hdl:21.14100/a279cd03-cbe3-39ef-81a0-6ed10fb2e5bf,CMIP6.C4MIP.MRI.MRI-ESM2-0.ssp585-bgc.r1i2p1f1.Omon.dissi14cabioos.gn.v20200303,hdl:21.14100/b1c34b0d-26e2-4c6a-a6d6-78489298b75e
hdl:21.14100/03688db0-a5a2-3c1a-8bec-ee4ece2c1609,CMIP6.C4MIP.MRI.MRI-ESM2-0.ssp585-bgc.r1i2p1f1.Omon.epc100.gn.v20200303,hdl:21.14100/1b7abc70-7392-443b-ba99-dd268ce7587c
hdl:21.14100/e8ecb9a6-3f29-3b70-b9e2-173f128fa0d2,CMIP6.C4MIP.MRI.MRI-ESM2-0.ssp585-bgc.r1i2p1f1.Omon.zoocos.gn.v20200303,hdl:21.14100/72a851b9-1a5b-444b-8a08-19f822c025e2
hdl:21.14100/9a7a7ffe-b244-3ac6-b137-c0af77cb5b78,CMIP6.C4MIP.MRI.MRI-ESM2-0.ssp585-bgc.r1i2p1f1.SImon.sitimefrac.gn.v20200303,hdl:21.14100/59e50785-cbc9-4fb4-a1fe-ccf0d41ad885
hdl:21.14100/9233c7e2-4292-39c4-9bc0-ece605b0613b,CMIP6.C4MIP.MRI.MRI-ESM2-0.ssp585-bgc.r1i2p1f1.SImon.sithick.gn.v20200303,hdl:21.14100/e747235c-6f0c-406a-b4b3-737bbf3975e8
hdl:21.14100/60c8189e-e36f-314a-9514-1293d0f0f785,CMIP6.C4MIP.MRI.MRI-ESM2-0.ssp585-bgc.r1i2p1f1.SImon.siforcetiltx.gn.v20200303,hdl:21.14100/0785732b-bcda-47c1-8009-a34a756d6404
hdl:21.14100/1702a59d-2587-397f-9145-fb0f2b01451e,CMIP6.C4MIP.MRI.MRI-ESM2-0.ssp585-bgc.r1i2p1f1.Omon.zos.gn.v20200303,hdl:21.14100/62bee0ce-65e2-4a36-a64f-fe32f62b87ae
hdl:21.14100/6f26194d-13c9-3a71-82af-f8d97b241274,CMIP6.C4MIP.MRI.MRI-ESM2-0.ssp585-bgc.r1i2p1f1.Omon.hfevapds.gn.v20200303,hdl:21.14100/c5a31cf8-e31e-469c-a786-92e1e5fd4cc5
hdl:21.14100/329836a3-1643-316a-8f1a-e95c83bcd8f1,CMIP6.C4MIP.MRI.MRI-ESM2-0.ssp585-bgc.r1i2p1f1.Omon.friver.gn.v20200303,hdl:21.14100/c44203e1-7c3f-4f66-8880-b72b553c27c4
hdl:21.14100/2ceebbd2-a7f6-3120-b24c-bbbb03e7bfa9,CMIP6.C4MIP.MRI.MRI-ESM2-0.ssp585-bgc.r1i2p1f1.SImon.siitdsnthick.gn.v20200303,hdl:21.14100/9088b183-ed4c-4c3b-9547-579f840450cf
hdl:21.14100/b3e49bb9-c019-352b-8217-6a2eb463fcab,CMIP6.C4MIP.MRI.MRI-ESM2-0.ssp585-bgc.r1i2p1f1.Omon.phnatos.gn.v20200303,hdl:21.14100/076e08d4-6a9c-44e8-a40b-15f531a4494f
hdl:21.14100/1b56a031-9e47-37a7-b3d3-9841d8ddea7c,CMIP6.C4MIP.MRI.MRI-ESM2-0.ssp585-bgc.r1i2p1f1.SImon.siu.gn.v20200303,hdl:21.14100/d30094a2-64cb-4656-b392-3941162a99a0
hdl:21.14100/67809d0b-9f6f-31dc-8c0a-19191c0b3d5d,CMIP6.C4MIP.MRI.MRI-ESM2-0.ssp585-bgc.r1i2p1f1.Omon.dissicnat.gn.v20200303,hdl:21.14100/3aa68f7d-0b74-42b0-b4db-522607c77f0d;hdl:21.14100/51733131-d005-4600-9a3d-846f3033eaa1
hdl:21.14100/8e5c8fa5-96f9-33c0-9526-dba5501ad477,CMIP6.C4MIP.MRI.MRI-ESM2-0.ssp585-bgc.r1i2p1f1.Omon.phyc.gn.v20200303,hdl:21.14100/55efa2ed-8350-414a-abef-6f6f4ea7614a;hdl:21.14100/aaf000ae-bc89-4628-8fba-a71012af5275
hdl:21.14100/90276453-9fb1-3a7c-9b0a-ce64b07dc722,CMIP6.C4MIP.MRI.MRI-ESM2-0.ssp585-bgc.r1i2p1f1.Omon.phycos.gn.v20200303,hdl:21.14100/0583c3ec-c334-4e0e-aa32-e79101bfc576
hdl:21.14100/7c5c2ae7-b3e8-368d-8759-6721ed64a1b0,CMIP6.C4MIP.MRI.MRI-ESM2-0.ssp585-bgc.r1i2p1f1.Omon.hfsso.gn.v20200303,hdl:21.14100/c6b50346-8834-4d9e-a190-988c4db01ac3
hdl:21.14100/1371d0f8-2d6c-3de0-8798-c632a91481df,CMIP6.C4MIP.MRI.MRI-ESM2-0.ssp585-bgc.r1i2p1f1.Omon.spco2abio.gn.v20200303,hdl:21.14100/cbd82568-1f10-46b2-8ab2-92e7f77469f6
hdl:21.14100/4cbca706-4878-3c73-a779-9975e1ee0c0b,CMIP6.C4MIP.MRI.MRI-ESM2-0.ssp585-bgc.r1i2p1f1.SImon.sistremax.gn.v20200303,hdl:21.14100/d84d784f-c9a5-423e-8fed-2d3933d29fdc
hdl:21.14100/73df540d-614a-3977-b52a-e27b5fc32665,CMIP6.C4MIP.MRI.MRI-ESM2-0.ssp585-bgc.r1i2p1f1.SImon.sifb.gn.v20200303,hdl:21.14100/8ca77379-5d04-459a-98a4-0634205f1663
hdl:21.14100/6fc33205-3a01-39bf-984e-80712eca9a27,CMIP6.C4MIP.MRI.MRI-ESM2-0.ssp585-bgc.r1i2p1f1.SIday.siu.gn.v20200303,hdl:21.14100/59ebbf40-bb77-43d5-b1a9-5ac61b6275d3;hdl:21.14100/e52b3741-c2db-428f-8698-8066b72ea30d
hdl:21.14100/040c8931-119b-3bff-9cc2-c54427a8c92e,CMIP6.C4MIP.MRI.MRI-ESM2-0.ssp585-bgc.r1i2p1f1.SImon.sidmassevapsubl.gn.v20200303,hdl:21.14100/03f627d0-7431-4e2a-9d40-643ec7f6c457
hdl:21.14100/55c861fb-0351-3f22-965e-e6a70f2f126f,CMIP6.C4MIP.MRI.MRI-ESM2-0.ssp585-bgc.r1i2p1f1.SImon.sisnconc.gn.v20200303,hdl:21.14100/28a865e1-579a-4375-bb54-6db7a5daa60c
hdl:21.14100/05f507eb-8b5b-3836-b4a4-fa371eb1c1a6,CMIP6.C4MIP.MRI.MRI-ESM2-0.ssp585-bgc.r1i2p1f1.SImon.sifllatstop.gn.v20200303,hdl:21.14100/1605b283-50f6-4a40-84ff-5b636554f226
hdl:21.14100/2a7d9c43-455e-3441-aae1-bdf9119b508d,CMIP6.C4MIP.MRI.MRI-ESM2-0.ssp585-bgc.r1i2p1f1.SImon.sndmassdyn.gn.v20200303,hdl:21.14100/82e87b6c-e399-498e-8d72-dee9a6d8759f
hdl:21.14100/cd3fba48-fa07-3819-bb33-64b33da7a2bd,CMIP6.C4MIP.MRI.MRI-ESM2-0.ssp585-bgc.r1i2p1f1.Omon.dissicnatos.gn.v20200303,hdl:21.14100/17ae1d92-ad72-4d60-a9e8-b6e54dfa26d8
hdl:21.14100/f17dc020-45bd-3063-a4fc-d151685d0e90,CMIP6.C4MIP.MRI.MRI-ESM2-0.ssp585-bgc.r1i2p1f1.SIday.siv.gn.v20200303,hdl:21.14100/71f3b291-9f92-4355-8e97-1fa3cbff6014;hdl:21.14100/4886093f-5cf8-4e0f-ab7d-23059c73bcc0
hdl:21.14100/a0187eff-992e-32e3-ab6e-6cb11de82fac,CMIP6.C4MIP.MRI.MRI-ESM2-0.ssp585-bgc.r1i2p1f1.SImon.sndmasssnf.gn.v20200303,hdl:21.14100/c2a5ffe3-09fa-4d5c-bdfa-6780b171944c
hdl:21.14100/736b1af4-1ed9-3628-af50-1dc0d3a07e35,CMIP6.C4MIP.MRI.MRI-ESM2-0.ssp585-bgc.r1i2p1f1.SImon.sidmassmelttop.gn.v20200303,hdl:21.14100/2bc57322-43ac-413f-b6a5-d2adb839c3e6
hdl:21.14100/1f1fb5aa-862d-3866-b5aa-e2cacc414f0e,CMIP6.C4MIP.MRI.MRI-ESM2-0.ssp585-bgc.r1i2p1f1.Omon.mlotst.gn.v20200303,hdl:21.14100/c8118876-b6ac-4a28-aad5-12ca2857aef9
hdl:21.14100/39dfa686-c7da-3953-840f-f606662d9ce5,CMIP6.C4MIP.MRI.MRI-ESM2-0.ssp585-bgc.r1i2p1f1.SIday.sithick.gn.v20200303,hdl:21.14100/9e6a346b-d34d-4cd9-9e37-3a38ef80f9e4;hdl:21.14100/b9ec55b2-285a-42e6-b2e8-b2ac78dcaf29
hdl:21.14100/07302ad7-9726-35c6-8f43-258dea18a3eb,CMIP6.C4MIP.MRI.MRI-ESM2-0.ssp585-bgc.r1i2p1f1.Omon.hfrainds.gn.v20200303,hdl:21.14100/ed029298-1b3a-450e-852b-2193d5b19411
hdl:21.14100/7b70b8d8-a4d5-3c98-b713-770d6a7b9fe1,CMIP6.C4MIP.MRI.MRI-ESM2-0.ssp585-bgc.r1i2p1f1.SImon.siflswdbot.gn.v20200303,hdl:21.14100/4255475a-96da-4c82-a820-456406fb5e7c
hdl:21.14100/ae9c53ee-f7ec-3b33-985e-8b731f691583,CMIP6.C4MIP.MRI.MRI-ESM2-0.ssp585-bgc.r1i2p1f1.Omon.hfcorr.gn.v20200303,hdl:21.14100/5615fc02-29eb-45aa-8702-1ae62005bf7a
hdl:21.14100/ebf2610f-5403-34a6-af35-ea7cb8cadba9,CMIP6.C4MIP.MRI.MRI-ESM2-0.ssp585-bgc.r1i2p1f1.SIday.siconca.gn.v20200303,hdl:21.14100/88c612cc-c0ee-41b8-9e61-b2c4bced9abc;hdl:21.14100/982978e4-c20b-427d-b8d0-90b52e1abba7
hdl:21.14100/6ccc7f49-d6d1-3115-b519-9d165554653d,CMIP6.C4MIP.MRI.MRI-ESM2-0.ssp585-bgc.r1i2p1f1.SImon.siflfwdrain.gn.v20200303,hdl:21.14100/346dae1f-1f4b-41da-9e6d-c783b0736801
hdl:21.14100/66961e34-7c63-3070-9888-73c895f3d2a4,CMIP6.C4MIP.MRI.MRI-ESM2-0.ssp585-bgc.r1i2p1f1.Omon.uo.gn.v20200303,hdl:21.14100/d20ebe4b-f30e-485a-8206-d3cd6831ff4d;hdl:21.14100/480facc5-9431-4e0e-b9c8-6bd17782ca09
hdl:21.14100/dbc3efc4-12bb-35b5-a464-67a1ae0863e0,CMIP6.C4MIP.MRI.MRI-ESM2-0.ssp585-bgc.r1i2p1f1.Ofx.deptho.gn.v20200303,hdl:21.14100/5729cdeb-ffcc-4811-8284-929355acb2e0
hdl:21.14100/c66cdb12-8784-397a-a9cf-33b1a4b71875,CMIP6.C4MIP.MRI.MRI-ESM2-0.ssp585-bgc.r1i2p1f1.Omon.wo.gn.v20200303,hdl:21.14100/8e9b4ef4-cd0b-4f2d-ad51-3a41797b592b;hdl:21.14100/2c444cc4-a192-4949-a2a1-f23516b3ec6e
hdl:21.14100/2f64ce9f-be58-3118-891b-e44a056b7dfe,CMIP6.C4MIP.MRI.MRI-ESM2-0.ssp585-bgc.r1i2p1f1.Omon.hflso.gn.v20200303,hdl:21.14100/0b5cf526-5795-4d00-8f87-c0c7a639ee1c
hdl:21.14100/ff94a729-fcd7-300a-aaeb-2242088f0122,CMIP6.C4MIP.MRI.MRI-ESM2-0.ssp585-bgc.r1i2p1f1.SImon.sifllwdtop.gn.v20200303,hdl:21.14100/d68eca72-d9ea-437c-9b35-7ba56fd78537
hdl:21.14100/0f71b4b1-2010-32bc-949b-fda2898a3dca,CMIP6.C4MIP.MRI.MRI-ESM2-0.ssp585-bgc.r1i2p1f1.Omon.no3.gn.v20200303,hdl:21.14100/72fda355-82c6-4698-b567-125ffe2acca1;hdl:21.14100/b1116b6a-c31f-44fc-bdf9-b9eb607f33e3
hdl:21.14100/41525a10-8384-38dc-9554-a8f4eab44a0d,CMIP6.C4MIP.MRI.MRI-ESM2-0.ssp585-bgc.r1i2p1f1.Omon.no3os.gn.v20200303,hdl:21.14100/19baa478-14c1-4846-8c53-0cace4374cfb
hdl:21.14100/613ae9ba-1994-34ea-a83e-bc455b6f6c73,CMIP6.C4MIP.MRI.MRI-ESM2-0.ssp585-bgc.r1i2p1f1.Omon.thetao.gn.v20200303,hdl:21.14100/f335d8cd-5cca-49ff-b50b-2c6d8897616f;hdl:21.14100/da8eb9c0-5249-4e09-bb08-2ae05696838a
hdl:21.14100/df3d1f84-d2ab-3fb3-b2b9-062d85e7e774,CMIP6.C4MIP.MRI.MRI-ESM2-0.ssp585-bgc.r1i2p1f1.SImon.sidmassth.gn.v20200303,hdl:21.14100/df4f2979-fdc2-4ecb-810d-710ec6c62c36
hdl:21.14100/4cde684b-69cd-367b-9d2a-c1b6035d525d,CMIP6.C4MIP.MRI.MRI-ESM2-0.ssp585-bgc.r1i2p1f1.SImon.siflswdtop.gn.v20200303,hdl:21.14100/9eae17d6-ba83-477c-8d0a-3547f22a5879
hdl:21.14100/d842788a-99bc-3e30-9cec-5ba415982c45,CMIP6.C4MIP.MRI.MRI-ESM2-0.ssp585-bgc.r1i2p1f1.SImon.siflfwbot.gn.v20200303,hdl:21.14100/3c2c73e6-d376-4531-8418-031279b485b1
hdl:21.14100/02c6a45e-f6e9-384f-9a58-12290d7b44e7,CMIP6.C4MIP.MRI.MRI-ESM2-0.ssp585-bgc.r1i2p1f1.SImon.sitempsnic.gn.v20200303,hdl:21.14100/c8b39ddf-16f1-4fd1-afe2-2fb7307714b0
hdl:21.14100/34f9ce28-9c1d-33b6-becd-2bfef5ac7238,CMIP6.C4MIP.MRI.MRI-ESM2-0.ssp585-bgc.r1i2p1f1.SImon.sitempbot.gn.v20200303,hdl:21.14100/733595de-c25d-42d4-b3a1-25ac8b0751cd
hdl:21.14100/f6535332-f10e-3dca-8e8b-6308affd78e6,CMIP6.C4MIP.MRI.MRI-ESM2-0.ssp585-bgc.r1i2p1f1.SImon.sisaltmass.gn.v20200303,hdl:21.14100/77972bf9-deef-42c6-a918-8287fded75c1
hdl:21.14100/89c721e2-2813-396e-ad52-7a55a4c85e12,CMIP6.C4MIP.MRI.MRI-ESM2-0.ssp585-bgc.r1i2p1f1.SImon.sidmasslat.gn.v20200303,hdl:21.14100/592258d3-dcd1-4b54-83d7-b7c8600a93f9
hdl:21.14100/661d29b2-d376-327a-adfa-dd9a0809b212,CMIP6.C4MIP.MRI.MRI-ESM2-0.ssp585-bgc.r1i2p1f1.Oday.tos.gn.v20200303,hdl:21.14100/fcaa5a65-7f32-43d7-9d17-ade9d2c9789f;hdl:21.14100/1c046cb6-5c2e-43f7-be2a-18e6015b29ab
hdl:21.14100/2275c550-c407-3781-9f59-2a23df2e0a7b,CMIP6.C4MIP.MRI.MRI-ESM2-0.ssp585-bgc.r1i2p1f1.Omon.po4os.gn.v20200303,hdl:21.14100/274de8b9-346f-4fc2-a9ea-caf8e2d47554
hdl:21.14100/a1046f18-f5a7-3151-badd-babcbc6a3f70,CMIP6.C4MIP.MRI.MRI-ESM2-0.ssp585-bgc.r1i2p1f1.SImon.siv.gn.v20200303,hdl:21.14100/cfe2a12f-67c8-4d65-8af1-f1c66e0f3629
hdl:21.14100/be760cbf-4c47-3e66-9569-1c2e05cf9823,CMIP6.C4MIP.MRI.MRI-ESM2-0.ssp585-bgc.r1i2p1f1.Omon.chlos.gn.v20200303,hdl:21.14100/e17384d0-41de-4df2-8fbe-ab5abd4858ac
hdl:21.14100/7d0ba000-0cc4-3fc2-b332-182b8479e2ea,CMIP6.C4MIP.MRI.MRI-ESM2-0.ssp585-bgc.r1i2p1f1.Omon.hfds.gn.v20200303,hdl:21.14100/b110fced-ec0a-4599-a53c-75e5ec35221d
hdl:21.14100/c2140581-5a71-3a37-aced-bc7bfb3aed03,CMIP6.C4MIP.MRI.MRI-ESM2-0.ssp585-bgc.r1i2p1f1.SImon.siforcetilty.gn.v20200303,hdl:21.14100/aebff7c4-0922-422e-bd2f-5f2363060fe7
hdl:21.14100/ad3959a8-772d-3fac-84f5-4c0a5d74aa58,CMIP6.C4MIP.MRI.MRI-ESM2-0.ssp585-bgc.r1i2p1f1.Omon.sob.gn.v20200303,hdl:21.14100/807f5fc5-ac7c-4d6a-9d3b-6af2bc5e3778
hdl:21.14100/e6072334-a432-390c-9aee-b3cba21ae590,CMIP6.C4MIP.MRI.MRI-ESM2-0.ssp585-bgc.r1i2p1f1.SImon.sivol.gn.v20200303,hdl:21.14100/e43b2136-41ac-414a-b895-cf6f714ea8e8
hdl:21.14100/2229e30d-8845-3f13-b149-d27cd6719386,CMIP6.C4MIP.MRI.MRI-ESM2-0.ssp585-bgc.r1i2p1f1.Omon.cfc12.gn.v20200303,hdl:21.14100/7637aba3-9f31-4137-93a2-0782d9d9db25;hdl:21.14100/41c23944-8037-4404-b770-ea389fefd5c1
hdl:21.14100/f69240f1-29e3-3a47-97da-229872509c7d,CMIP6.C4MIP.MRI.MRI-ESM2-0.ssp585-bgc.r1i2p1f1.Omon.rlntds.gn.v20200303,hdl:21.14100/a8095240-da40-4ba6-9ef2-47d46cac1fec
hdl:21.14100/0ac4e612-5453-3378-a531-7fd7b097961d,CMIP6.C4MIP.MRI.MRI-ESM2-0.ssp585-bgc.r1i2p1f1.Omon.tob.gn.v20200303,hdl:21.14100/1d3431e4-147b-4990-93e2-1cefd65d79dd
hdl:21.14100/2e437950-4e48-33ee-b7ee-a9977fc1015e,CMIP6.C4MIP.MRI.MRI-ESM2-0.ssp585-bgc.r1i2p1f1.SImon.sistrydtop.gn.v20200303,hdl:21.14100/9aa2d846-9264-4d7a-aeb5-c1736b1d6e19
hdl:21.14100/122d9129-2611-344b-8e7f-408f12991116,CMIP6.C4MIP.MRI.MRI-ESM2-0.ssp585-bgc.r1i2p1f1.SImon.sistresave.gn.v20200303,hdl:21.14100/ddfdfa69-8d1c-43af-a0fe-8a27ad1e66f4
hdl:21.14100/e2ff229d-5bb0-3441-bf94-30550fc86cf8,CMIP6.C4MIP.MRI.MRI-ESM2-0.ssp585-bgc.r1i2p1f1.SImon.siitdthick.gn.v20200303,hdl:21.14100/9bea6f5d-c62f-4fa6-8e7d-f40ae4558da5
hdl:21.14100/929fc54c-771a-3a4b-911f-a8a76630efd7,CMIP6.C4MIP.MRI.MRI-ESM2-0.ssp585-bgc.r1i2p1f1.SImon.sisnmass.gn.v20200303,hdl:21.14100/3fa0f363-ce09-4846-b1a3-fcfa0d5a76b3
hdl:21.14100/65d494cc-bd3b-3a32-a1b2-d75fa8e886a5,CMIP6.C4MIP.MRI.MRI-ESM2-0.ssp585-bgc.r1i2p1f1.SImon.sidconcth.gn.v20200303,hdl:21.14100/7c805074-3260-483f-8d9a-bcea600a7bbf
hdl:21.14100/d2d7cf3a-b5ce-30b6-b05e-533943157ea5,CMIP6.C4MIP.MRI.MRI-ESM2-0.ssp585-bgc.r1i2p1f1.SIday.siconc.gn.v20200303,hdl:21.14100/387da2c2-58f7-4de0-9c97-414f1d66af1c;hdl:21.14100/92fda4aa-045f-499a-bf4a-7abf5f123635
hdl:21.14100/c6a9b3d7-4553-327c-a276-2fa812693e81,CMIP6.C4MIP.MRI.MRI-ESM2-0.ssp585-bgc.r1i2p1f1.Omon.wfo.gn.v20200303,hdl:21.14100/43be4397-330e-41c4-b7da-59801788a940
hdl:21.14100/14327d45-90c0-3d3e-832a-cbf9899c1edf,CMIP6.C4MIP.MRI.MRI-ESM2-0.ssp585-bgc.r1i2p1f1.SImon.sndmasssubl.gn.v20200303,hdl:21.14100/2551ff98-f4bc-4d2e-8790-f1afa479dc15
hdl:21.14100/79cf71e5-12d4-349d-9e4f-6af425484f3e,CMIP6.C4MIP.MRI.MRI-ESM2-0.ssp585-bgc.r1i2p1f1.SIday.sitimefrac.gn.v20200303,hdl:21.14100/3e826cbf-a045-4734-87b0-0aad003dee3f;hdl:21.14100/f0428f25-aacb-4087-9b2e-61d40a2f24f8
hdl:21.14100/30fe4828-7237-3e14-bddc-5679d56be9ed,CMIP6.C4MIP.MRI.MRI-ESM2-0.ssp585-bgc.r1i2p1f1.SImon.sicompstren.gn.v20200303,hdl:21.14100/69f52515-7912-4fb0-9b4f-2b9210231f29
hdl:21.14100/19de2240-e91f-3ec8-93ca-88d292354e31,CMIP6.C4MIP.MRI.MRI-ESM2-0.ssp585-bgc.r1i2p1f1.SImon.sistrxdtop.gn.v20200303,hdl:21.14100/f0c38eb2-399f-4f76-a033-6783a6e6b268
hdl:21.14100/53d98c89-b359-3e1c-b21f-321ee676aad8,CMIP6.C4MIP.MRI.MRI-ESM2-0.ssp585-bgc.r1i2p1f1.SImon.sndmassmelt.gn.v20200303,hdl:21.14100/6c402e10-c43c-4487-b79a-30981641b29d
hdl:21.14100/a66f16b7-c893-356d-8825-61c271b78c58,CMIP6.C4MIP.MRI.MRI-ESM2-0.ssp585-bgc.r1i2p1f1.Omon.fgcfc11.gn.v20200303,hdl:21.14100/59adc0d7-a167-403f-8c47-96aa99eca5f3;hdl:21.14100/d4493f9d-5c4e-4f88-83a4-a26879dbc81b
hdl:21.14100/9faccf3f-847b-3850-85c5-e10964604a3b,CMIP6.C4MIP.MRI.MRI-ESM2-0.ssp585-bgc.r1i2p1f1.Omon.prra.gn.v20200303,hdl:21.14100/2e528043-f6b5-45a0-be8c-f24ca20a48d8
